[2025-11-18 12:42:50] submit.php: POST data: {
    "name": "User 02",
    "contact_number": "0712345678",
    "gmail": "gem_test@sltdigital.site",
    "address": "user 02 address",
    "regional_centre": "Head Office - Kaduwela",
    "course_type": "Certificate Level Courses",
    "course": "Gem Related Certificate in Tailor \u2013 Made Courses",
    "course_fee_display": "For further information such as course dates, duration, and payment details, please contact the administrator",
    "reg_fee": "",
    "course_fee": "",
    "total_fee_display": "",
    "nic_passport": "1999999999",
    "education_background": "hi",
    "declaration": "1",
    "declaration2": "1"
}[2025-11-19 06:30:14] submit.php: POST data: {
    "name": "User 02",
    "contact_number": "0712345678",
    "gmail": "gem_test@sltdigital.site",
    "address": "user 02 address",
    "regional_centre": "Head Office - Kaduwela",
    "course_type": "Certificate Level Courses",
    "course": "Gem Related Certificate in Tailor \u2013 Made Courses",
    "course_fee_display": "For further information such as course dates, duration, and payment details, please contact the administrator",
    "reg_fee": "",
    "course_fee": "",
    "total_fee_display": "",
    "nic_passport": "1999999999",
    "education_background": "w",
    "declaration": "1",
    "declaration2": "1"
}[2025-11-19 07:04:37] submit.php: POST data: {
    "name": "User 02",
    "contact_number": "0712345678",
    "gmail": "gem_test@sltdigital.site",
    "address": "user 02 address",
    "regional_centre": "Ratnapura",
    "course_type": "Certificate Level Courses",
    "course": "Certificate in Jewellery Stone Setting (NVQ 3)",
    "course_fee_display": "Registration Fee: Rs. 2,000 | Course Fee: Rs. 20,000",
    "reg_fee": "2000",
    "course_fee": "20000",
    "total_fee_display": "Total Fee: Rs. 22,000",
    "nic_passport": "1999999999",
    "education_background": "ddd",
    "declaration": "1",
    "declaration2": "1"
}[2025-11-19 07:06:49] submit.php: POST data: {
    "name": "User 02",
    "contact_number": "0712345678",
    "gmail": "gem_test@sltdigital.site",
    "address": "user 02 address",
    "regional_centre": "Ratnapura",
    "course_type": "Certificate Level Courses",
    "course": "Certificate in Gems and Jewellery Valuation and Marketing",
    "course_fee_display": "Registration Fee: Rs. 2,000 | Course Fee: Rs. 20,000",
    "reg_fee": "2000",
    "course_fee": "20000",
    "total_fee_display": "Total Fee: Rs. 22,000",
    "nic_passport": "1999999999",
    "education_background": "e",
    "declaration": "1",
    "declaration2": "1"
}[2025-11-19 07:47:01] submit.php: POST data: {
    "name": "User 02",
    "contact_number": "0712345678",
    "gmail": "gem_test@sltdigital.site",
    "address": "user 02 address",
    "regional_centre": "Ratnapura",
    "course_type": "Certificate Level Courses",
    "course": "Certificate in Blended Gemmology",
    "course_fee_display": "Registration Fee: Rs. 2,000 | Course Fee: Rs. 70,000",
    "reg_fee": "2000",
    "course_fee": "70000",
    "total_fee_display": "Total Fee: Rs. 72,000",
    "nic_passport": "1999999999",
    "education_background": "hi",
    "declaration": "1",
    "declaration2": "1"
}[2025-11-19 08:03:25] submit.php: POST data: {
    "name": "User Test",
    "contact_number": "0712345678",
    "gmail": "gem_test@sltdigital.site",
    "address": "user test address",
    "regional_centre": "Head Office - Kaduwela",
    "course_type": "Certificate Level Courses",
    "course": "Certificate in Basic Gemmology",
    "course_fee_display": "Registration Fee: Rs. 2,000 | Course Fee: Rs. 50,000",
    "reg_fee": "2000",
    "course_fee": "50000",
    "total_fee_display": "Total Fee: Rs. 52,000",
    "nic_passport": "1999999999",
    "education_background": "hi",
    "declaration": "1",
    "declaration2": "1"
}[2025-11-19 08:04:20] submit.php: POST data: {
    "name": "User 02",
    "contact_number": "0712345678",
    "gmail": "gem_test@sltdigital.site",
    "address": "user 02 address",
    "regional_centre": "Kandy",
    "course_type": "Certificate Level Courses",
    "course": "Certificate in Jewellery Manufacturing (NVQ 3)",
    "course_fee_display": "Registration Fee: Rs. 2,000 | Course Fee: Rs. 20,000",
    "reg_fee": "2000",
    "course_fee": "20000",
    "total_fee_display": "Total Fee: Rs. 22,000",
    "nic_passport": "1999999999",
    "education_background": "hi",
    "declaration": "1",
    "declaration2": "1"
}[2025-11-19 08:10:29] submit.php: POST data: {
    "name": "User 02",
    "contact_number": "0712345678",
    "gmail": "gem_test@sltdigital.site",
    "address": "user test address",
    "regional_centre": "Kandy",
    "course_type": "Certificate Level Courses",
    "course": "Certificate in Basic Gemmology",
    "course_fee_display": "Registration Fee: Rs. 2,000 | Course Fee: Rs. 50,000",
    "reg_fee": "2000",
    "course_fee": "50000",
    "total_fee_display": "Total Fee: Rs. 52,000",
    "nic_passport": "1999999999",
    "education_background": "g",
    "declaration": "1",
    "declaration2": "1"
}[2025-11-20 06:52:25] submit.php: POST data: {
    "name": "Bank Slip user",
    "contact_number": "0778439871",
    "gmail": "gem_test@sltdigital.site",
    "address": "user test address",
    "regional_centre": "Ratnapura",
    "course_type": "Certificate Level Courses",
    "course": "Certificate in Geuda Heat Treatment",
    "course_fee_display": "Registration Fee: Rs. 2,000 | Course Fee: Rs. 55,000",
    "reg_fee": "2000",
    "course_fee": "55000",
    "total_fee_display": "Total Fee: Rs. 57,000",
    "nic_passport": "1999999999",
    "education_background": "ytty",
    "declaration": "1",
    "declaration2": "1"
}[2025-11-20 06:54:16] proceed-to-pay.php: GET data: {
    "ref": "E533E92A"
}[2025-11-20 06:54:29] process-payment.php: Session started, ID: 9c4c76d81381a081186ea48f04fadabe[2025-11-20 06:54:29] POST data: {
    "reference_no": "E533E92A",
    "payment_method": "Bank Slip",
    "payment_option": "full"
}[2025-11-20 06:54:29] Payment calculation: due_amount=57000.00, payment_option=full, amount_to_pay=57000.00[2025-11-20 06:54:29] Bank Slip: updating payment - paid_amount=57000, due_amount=0, status=completed[2025-11-20 07:14:42] proceed-to-pay.php: GET data: {
    "ref": "E533E92A"
}[2025-11-20 07:21:59] submit.php: POST data: {
    "name": "IPG User",
    "contact_number": "0712345678",
    "gmail": "gem_test@sltdigital.site",
    "address": "user test address",
    "regional_centre": "Head Office - Kaduwela",
    "course_type": "Certificate Level Courses",
    "course": "Certificate in Blended Gemmology",
    "course_fee_display": "Registration Fee: Rs. 2,000 | Course Fee: Rs. 70,000",
    "reg_fee": "2000",
    "course_fee": "70000",
    "total_fee_display": "Total Fee: Rs. 72,000",
    "nic_passport": "1999999999",
    "education_background": "d",
    "declaration": "1",
    "declaration2": "1"
}[2025-11-20 08:10:04] process-payment.php: Session started, ID: 9c4c76d81381a081186ea48f04fadabe[2025-11-20 08:10:04] POST data: [][2025-11-20 08:10:04] Invalid request method: GET[2025-11-20 08:10:18] process-payment.php: Session started, ID: 9c4c76d81381a081186ea48f04fadabe[2025-11-20 08:10:18] POST data: [][2025-11-20 08:10:18] Invalid request method: GET[2025-11-20 08:16:41] proceed-to-pay.php: GET data: {
    "ref": "005B465D"
}[2025-11-20 08:16:49] process-payment.php: Session started, ID: 9c4c76d81381a081186ea48f04fadabe[2025-11-20 08:16:49] POST data: {
    "reference_no": "005B465D",
    "payment_method": "Online Payment",
    "payment_option": "50_percent"
}[2025-11-20 08:16:49] Payment calculation: due_amount=72000.00, payment_option=50_percent, amount_to_pay=36000[2025-11-20 08:16:49] Online Payment: amount_to_pay=36000 stored in session[2025-11-20 08:16:49] ipg_start: total_amount=72000, due_amount=72000.00, amount=36000[2025-11-20 08:16:50] MPGS INITIATE_CHECKOUT Response: {"checkoutMode":"WEBSITE","merchant":"TEST700182200500","result":"SUCCESS","session":{"id":"SESSION0002700192533N13170295K4","updateStatus":"SUCCESS","version":"1a735f6301"},"successIndicator":"15aadd6f0ac64124"}[2025-11-20 08:16:50] Session data set: {"payment_option":"50_percent","amount_to_pay":36000,"reference_no":"005B465D","amount":36000,"name":"IPG User","gmail":"gem_test@sltdigital.site","course_name":"Certificate in Blended Gemmology","regional_centre":"Head Office - Kaduwela","session_id":"SESSION0002700192533N13170295K4","success_indicator":"15aadd6f0ac64124"}[2025-11-20 08:18:05] complete.php started – SID: 9c4c76d81381a081186ea48f04fadabe
[2025-11-20 08:18:05] GET: {"resultIndicator":"15aadd6f0ac64124","sessionVersion":"eec528ad09","checkoutVersion":"1.0.0"}
[2025-11-20 08:18:05] POST: []
[2025-11-20 08:18:05] SESSION: {"payment_option":"50_percent","amount_to_pay":36000,"reference_no":"005B465D","amount":36000,"name":"IPG User","gmail":"gem_test@sltdigital.site","course_name":"Certificate in Blended Gemmology","regional_centre":"Head Office - Kaduwela","session_id":"SESSION0002700192533N13170295K4","success_indicator":"15aadd6f0ac64124"}
[2025-11-20 08:18:06] Online payment recorded: Rs. 36000 (option: 50_percent)
[2025-11-22 01:01:25] submit.php: POST data: {
    "name": "IpG user 2",
    "contact_number": "0712345678",
    "gmail": "gem_test@sltdigital.site",
    "address": "user test address",
    "regional_centre": "Head Office - Kaduwela",
    "course_type": "International Courses",
    "course": "Gem-A Foundation Course",
    "course_fee_display": "Registration Fee: Rs. 10,000 | Course Fee: Rs. 589,567.22",
    "reg_fee": "10000",
    "course_fee": "589567.22",
    "total_fee_display": "Total Fee: Rs. 599,567.22",
    "nic_passport": "1999999999",
    "education_background": "eee",
    "declaration": "1",
    "declaration2": "1"
}[2025-11-22 01:26:37] proceed-to-pay.php: GET data: {
    "ref": "264761D8"
}[2025-11-22 01:26:50] process-payment.php: Session started, ID: 836d5c9a2c84652359658bdc8d8884b9[2025-11-22 01:26:50] POST data: {
    "reference_no": "264761D8",
    "payment_method": "Bank Slip",
    "payment_option": "full"
}[2025-11-22 01:26:50] Payment calculation: due_amount=599567.22, payment_option=full, amount_to_pay=599567.22[2025-11-22 01:26:50] Bank Slip: updating payment - paid_amount=599567.22, due_amount=0, status=completed, transaction_id=SLIP-264761D8-1763796410-692165ba06da7[2025-11-22 01:35:49] submit.php: POST data: {
    "name": "IpG user 2",
    "contact_number": "0712345678",
    "gmail": "gem_test@sltdigital.site",
    "address": "user test address",
    "regional_centre": "Head Office - Kaduwela",
    "course_type": "Diploma Level Courses",
    "course": "Diploma in Professional Gemmology (Dip. PGSL)",
    "course_fee_display": "Registration Fee: Rs. 2,000 | Course Fee: Rs. 150,000",
    "reg_fee": "2000",
    "course_fee": "150000",
    "total_fee_display": "Total Fee: Rs. 152,000",
    "nic_passport": "1999999999",
    "education_background": "i8i8i8",
    "declaration": "1",
    "declaration2": "1"
}[2025-11-22 01:36:15] proceed-to-pay.php: GET data: {
    "ref": "4CF6BC0F"
}[2025-11-22 01:45:16] proceed-to-pay.php: GET data: {
    "ref": "4CF6BC0F"
}[2025-11-22 01:45:43] proceed-to-pay.php: GET data: {
    "ref": "4CF6BC0F"
}[2025-11-22 01:46:45] process-payment.php: Session started, ID: 836d5c9a2c84652359658bdc8d8884b9[2025-11-22 01:46:45] POST data: {
    "reference_no": "4CF6BC0F",
    "payment_method": "Online Payment",
    "payment_option": "50_percent"
}[2025-11-22 01:46:45] Payment calculation: due_amount=152000.00, payment_option=50_percent, amount_to_pay=77000, remaining=75000[2025-11-22 01:46:45] Online Payment: amount_to_pay=77000, transaction_id=TXN-4CF6BC0F-1763797605-69216a65bbeea stored in session[2025-11-22 01:46:45] ipg_start: total_amount=152000, due_amount=152000.00, amount=77000[2025-11-22 01:46:46] MPGS INITIATE_CHECKOUT Response: {"checkoutMode":"WEBSITE","merchant":"TEST700182200500","result":"SUCCESS","session":{"id":"SESSION0002518905201J1885933G12","updateStatus":"SUCCESS","version":"d935030d01"},"successIndicator":"16622aebf10d427e"}[2025-11-22 01:46:46] Session data set: {"user":{"email":"admin_gem@gmail.com","username":"admin_gem"},"payment_option":"50_percent","amount_to_pay":77000,"reference_no":"4CF6BC0F","amount":77000,"name":"IpG user 2","gmail":"gem_test@sltdigital.site","course_name":"Diploma in Professional Gemmology (Dip. PGSL)","regional_centre":"Head Office - Kaduwela","transaction_id":"TXN-4CF6BC0F-1763797605-69216a65bbeea","session_id":"SESSION0002518905201J1885933G12","success_indicator":"16622aebf10d427e"}[2025-11-22 01:47:42] complete.php started – SID: 836d5c9a2c84652359658bdc8d8884b9
[2025-11-22 01:47:42] GET: {"resultIndicator":"16622aebf10d427e","sessionVersion":"727e8df209","checkoutVersion":"1.0.0"}
[2025-11-22 01:47:42] POST: []
[2025-11-22 01:47:42] SESSION: {"user":{"email":"admin_gem@gmail.com","username":"admin_gem"},"payment_option":"50_percent","amount_to_pay":77000,"reference_no":"4CF6BC0F","amount":77000,"name":"IpG user 2","gmail":"gem_test@sltdigital.site","course_name":"Diploma in Professional Gemmology (Dip. PGSL)","regional_centre":"Head Office - Kaduwela","transaction_id":"TXN-4CF6BC0F-1763797605-69216a65bbeea","session_id":"SESSION0002518905201J1885933G12","success_indicator":"16622aebf10d427e"}
[2025-11-22 01:47:43] Online payment recorded: Rs. 77000 (option: 50_percent)
[2025-11-22 01:50:55] complete.php started – SID: 836d5c9a2c84652359658bdc8d8884b9
[2025-11-22 01:50:55] GET: {"resultIndicator":"16622aebf10d427e","sessionVersion":"727e8df209","checkoutVersion":"1.0.0"}
[2025-11-22 01:50:55] POST: []
[2025-11-22 01:50:55] SESSION: {"user":{"email":"admin_gem@gmail.com","username":"admin_gem"},"payment_option":"50_percent","amount_to_pay":77000,"reference_no":"4CF6BC0F","amount":77000,"name":"IpG user 2","gmail":"gem_test@sltdigital.site","course_name":"Diploma in Professional Gemmology (Dip. PGSL)","regional_centre":"Head Office - Kaduwela","transaction_id":"TXN-4CF6BC0F-1763797605-69216a65bbeea","session_id":"SESSION0002518905201J1885933G12","success_indicator":"16622aebf10d427e","online_processed":true}
[2025-11-22 01:59:44] proceed-to-pay.php: GET data: {
    "ref": "4CF6BC0F"
}[2025-11-22 02:00:05] process-payment.php: Session started, ID: 836d5c9a2c84652359658bdc8d8884b9[2025-11-22 02:00:05] POST data: {
    "reference_no": "4CF6BC0F",
    "payment_method": "Bank Slip",
    "payment_option": "full"
}[2025-11-22 02:00:05] Payment calculation: due_amount=75000.00, payment_option=full, amount_to_pay=75000.00, remaining=0[2025-11-22 02:00:05] Bank Slip: updating payment - paid_amount=152000, due_amount=0, status=completed, transaction_id=SLIP-4CF6BC0F-1763798405-69216d85433ac[2025-11-22 02:02:37] submit.php: POST data: {
    "name": "IpG user 2",
    "contact_number": "0712345678",
    "gmail": "gem_test@sltdigital.site",
    "address": "user test address",
    "regional_centre": "Ratnapura",
    "course_type": "Certificate Level Courses",
    "course": "Certificate in Jewellery Designing (Manual)",
    "course_fee_display": "Registration Fee: Rs. 2,000 | Course Fee: Rs. 43,000",
    "reg_fee": "2000",
    "course_fee": "43000",
    "total_fee_display": "Total Fee: Rs. 45,000",
    "nic_passport": "1999999999",
    "education_background": "eee",
    "declaration": "1",
    "declaration2": "1"
}[2025-11-22 02:03:16] proceed-to-pay.php: GET data: {
    "ref": "D4B58088"
}[2025-11-22 02:03:36] process-payment.php: Session started, ID: 836d5c9a2c84652359658bdc8d8884b9[2025-11-22 02:03:36] POST data: {
    "reference_no": "D4B58088",
    "payment_method": "Bank Slip",
    "payment_option": "50_percent"
}[2025-11-22 02:03:36] Payment calculation: due_amount=45000.00, payment_option=50_percent, amount_to_pay=23500, remaining=21500[2025-11-22 02:03:36] Bank Slip: updating payment - paid_amount=23500, due_amount=21500, status=pending, transaction_id=SLIP-D4B58088-1763798616-69216e5835acb[2025-11-22 02:10:56] proceed-to-pay.php: GET data: {
    "ref": "D4B58088"
}[2025-11-22 02:12:12] proceed-to-pay.php: GET data: {
    "ref": "D4B58088"
}[2025-11-22 02:12:20] process-payment.php: Session started, ID: 836d5c9a2c84652359658bdc8d8884b9[2025-11-22 02:12:20] POST data: {
    "reference_no": "D4B58088",
    "payment_method": "Bank Slip",
    "payment_option": "full"
}[2025-11-22 02:12:20] Payment calculation: due_amount=21500.00, payment_option=full, amount_to_pay=21500.00, remaining=0[2025-11-22 02:12:20] Bank Slip: updating payment - paid_amount=45000, due_amount=0, status=completed, transaction_id=SLIP-D4B58088-1763799140-69217064cd5c8[2025-11-22 02:22:21] submit.php: POST data: {
    "name": "User Test",
    "contact_number": "0712345678",
    "gmail": "gem_test@sltdigital.site",
    "address": "user test address",
    "regional_centre": "Head Office - Kaduwela",
    "course_type": "Certificate Level Courses",
    "course": "Certificate in Gemmology",
    "course_fee_display": "Registration Fee: Rs. 2,000 | Course Fee: Rs. 70,000",
    "reg_fee": "2000",
    "course_fee": "70000",
    "total_fee_display": "Total Fee: Rs. 72,000",
    "nic_passport": "1999999999",
    "education_background": "j",
    "declaration": "1",
    "declaration2": "1"
}[2025-11-22 02:22:50] proceed-to-pay.php: GET data: {
    "ref": "BC6FEFDF"
}[2025-11-22 02:23:09] process-payment.php: Session started, ID: 836d5c9a2c84652359658bdc8d8884b9[2025-11-22 02:23:09] POST data: {
    "reference_no": "BC6FEFDF",
    "payment_method": "Bank Slip",
    "payment_option": "50_percent"
}[2025-11-22 02:23:09] Payment calculation: due_amount=72000.00, payment_option=50_percent, amount_to_pay=37000, remaining=35000[2025-11-22 02:23:09] Bank Slip: updating payment - paid_amount=37000, due_amount=35000, status=pending, transaction_id=SLIP-BC6FEFDF-1763799789-692172edb6185[2025-11-22 02:23:09] Bank Slip: updating payment - paid_amount=37000, due_amount=35000, status=pending, transaction_id=SLIP-BC6FEFDF-1763799789-692172edb6185[2025-11-22 02:23:37] proceed-to-pay.php: GET data: {
    "ref": "BC6FEFDF"
}[2025-11-22 02:23:49] process-payment.php: Session started, ID: 836d5c9a2c84652359658bdc8d8884b9[2025-11-22 02:23:49] POST data: {
    "reference_no": "BC6FEFDF",
    "payment_method": "Bank Slip",
    "payment_option": "full"
}[2025-11-22 02:23:49] Payment calculation: due_amount=35000.00, payment_option=full, amount_to_pay=35000.00, remaining=0[2025-11-22 02:23:49] Bank Slip: updating payment - paid_amount=72000, due_amount=0, status=completed, transaction_id=SLIP-BC6FEFDF-1763799829-69217315466e8[2025-11-22 02:23:49] Bank Slip: updating payment - paid_amount=72000, due_amount=0, status=completed, transaction_id=SLIP-BC6FEFDF-1763799829-69217315466e8[2025-11-22 05:04:23] complete.php started – SID: 837944517f760091ffdd1e4fcc15c5b9
[2025-11-22 05:04:23] GET: []
[2025-11-22 05:04:23] POST: []
[2025-11-22 05:04:23] SESSION: []
[2025-11-22 05:04:23] Missing session data
[2025-11-22 05:04:23] proceed-to-pay.php: GET data: {
    "ref": "",
    "error": "Invalid session"
}[2025-11-22 05:04:25] complete.php started – SID: 16aba3370e00870588e34c424338afa8
[2025-11-22 05:04:25] GET: []
[2025-11-22 05:04:25] POST: []
[2025-11-22 05:04:25] SESSION: []
[2025-11-22 05:04:25] Missing session data
[2025-11-22 05:29:00] submit.php: POST data: {
    "name": "User Test",
    "contact_number": "0712345678",
    "gmail": "gem_test@sltdigital.site",
    "address": "user test address",
    "regional_centre": "Head Office - Kaduwela",
    "course_type": "Diploma Level Courses",
    "course": "Diploma in Professional Gemmology (Dip. PGSL)",
    "course_fee_display": "Registration Fee: Rs. 2,000 | Course Fee: Rs. 150,000",
    "reg_fee": "2000",
    "course_fee": "150000",
    "total_fee_display": "Total Fee: Rs. 152,000",
    "nic_passport": "1999999999",
    "education_background": "t",
    "declaration": "1",
    "declaration2": "1"
}[2025-11-22 05:29:44] proceed-to-pay.php: GET data: {
    "ref": "D177FBF9"
}[2025-11-22 05:44:31] proceed-to-pay.php: GET data: {
    "ref": "{$data['reference_no"
}[2025-11-22 05:44:31] Invalid Reference ID: {$data['reference_no[2025-11-22 05:44:33] proceed-to-pay.php: GET data: {
    "ref": "{$data['reference_no"
}[2025-11-22 05:44:33] Invalid Reference ID: {$data['reference_no[2025-11-22 05:46:49] proceed-to-pay.php: GET data: {
    "ref": "D177FBF9"
}[2025-11-22 05:56:33] submit.php: POST data: {
    "name": "User Test",
    "contact_number": "0712345678",
    "gmail": "gem_test@sltdigital.site",
    "address": "user test address",
    "regional_centre": "Head Office - Kaduwela",
    "course_type": "Certificate Level Courses",
    "course": "Certificate in Basic Gemmology",
    "course_fee_display": "Registration Fee: Rs. 2,000 | Course Fee: Rs. 50,000",
    "reg_fee": "2000",
    "course_fee": "50000",
    "total_fee_display": "Total Fee: Rs. 52,000",
    "nic_passport": "1999999999",
    "education_background": "w",
    "declaration": "1",
    "declaration2": "1"
}[2025-11-22 05:57:14] proceed-to-pay.php: GET data: {
    "ref": "0D0C204C"
}[2025-11-22 05:57:52] proceed-to-pay.php: GET data: {
    "ref": "0D0C204C"
}[2025-11-22 07:01:58] submit.php: POST data: {
    "name": "User Test",
    "contact_number": "0712345678",
    "gmail": "gem_test@sltdigital.site",
    "address": "hi",
    "regional_centre": "Head Office - Kaduwela",
    "course_type": "Certificate Level Courses",
    "course": "Certificate in Gems and Jewellery Valuation and Marketing",
    "course_fee_display": "Registration Fee: Rs. 2,000 | Course Fee: Rs. 20,000",
    "reg_fee": "2000",
    "course_fee": "20000",
    "total_fee_display": "Total Fee: Rs. 22,000",
    "nic_passport": "1999999999",
    "education_background": "oo",
    "declaration": "1",
    "declaration2": "1"
}[2025-11-22 07:02:56] proceed-to-pay.php: GET data: {
    "ref": "13D7D139"
}[2025-11-22 07:03:36] proceed-to-pay.php: GET data: {
    "ref": "13D7D139"
}[2025-11-22 07:10:17] submit.php: POST data: {
    "name": "User Test",
    "contact_number": "0712345678",
    "gmail": "gem_test@sltdigital.site",
    "address": "user test address",
    "regional_centre": "Head Office - Kaduwela",
    "course_type": "Certificate Level Courses",
    "course": "Certificate in Gemmology",
    "course_fee_display": "Registration Fee: Rs. 2,000 | Course Fee: Rs. 70,000",
    "reg_fee": "2000",
    "course_fee": "70000",
    "total_fee_display": "Total Fee: Rs. 72,000",
    "nic_passport": "1999999999",
    "education_background": "ccc",
    "declaration": "1",
    "declaration2": "1"
}[2025-11-22 07:10:50] proceed-to-pay.php: GET data: {
    "ref": "2ED6FBE0"
}[2025-11-22 07:13:24] proceed-to-pay.php: GET data: {
    "ref": "2ED6FBE0"
}[2025-11-22 07:20:56] submit.php: POST data: {
    "name": "User Test",
    "contact_number": "0712345678",
    "gmail": "gem_test@sltdigital.site",
    "address": "user test address",
    "regional_centre": "Head Office - Kaduwela",
    "course_type": "Certificate Level Courses",
    "course": "Certificate in Gemmology",
    "course_fee_display": "Registration Fee: Rs. 2,000 | Course Fee: Rs. 70,000",
    "reg_fee": "2000",
    "course_fee": "70000",
    "total_fee_display": "Total Fee: Rs. 72,000",
    "nic_passport": "1999999999",
    "education_background": "222",
    "declaration": "1",
    "declaration2": "1"
}[2025-11-22 07:21:24] proceed-to-pay.php: GET data: {
    "ref": "6F3AC03F"
}[2025-11-22 07:29:17] complete.php started – SID: 836d5c9a2c84652359658bdc8d8884b9
[2025-11-22 07:29:17] GET: {"resultIndicator":"0df1b69c5e0b4b22","sessionVersion":"f055fe7c09","checkoutVersion":"1.0.0"}
[2025-11-22 07:29:17] POST: []
[2025-11-22 07:29:17] SESSION: {"amount_to_pay":37000,"name":"User Test","gmail":"gem_test@sltdigital.site","course_name":"Certificate in Gemmology","regional_centre":"Head Office - Kaduwela","session_id":"SESSION0002092965481J8340584M64","success_indicator":"0df1b69c5e0b4b22","reference_no":"6F3AC03F","amount":37000}
[2025-11-22 07:29:17] Online payment recorded: Rs. 37000 (option: full)
[2025-11-24 00:20:35] proceed-to-pay.php: GET data: {
    "ref": "6F3AC03F"
}[2025-11-24 01:19:48] complete.php started – SID: e02bba9fed5655ff5bf934717afd8dd4
[2025-11-24 01:19:48] GET: []
[2025-11-24 01:19:48] POST: []
[2025-11-24 01:19:48] SESSION: []
[2025-11-24 01:19:48] Missing session data
[2025-11-24 01:19:48] proceed-to-pay.php: GET data: {
    "ref": "",
    "error": "Invalid session"
}[2025-11-24 01:19:50] complete.php started – SID: 2f93ed26aebb508b99d7240c38d77872
[2025-11-24 01:19:50] GET: []
[2025-11-24 01:19:50] POST: []
[2025-11-24 01:19:50] SESSION: []
[2025-11-24 01:19:50] Missing session data
[2025-11-24 01:40:04] proceed-to-pay.php: GET data: {
    "ref": "6F3AC03F"
}[2025-11-24 02:19:30] proceed-to-pay.php: GET data: {
    "ref": "6F3AC03F"
}[2025-11-24 02:19:33] proceed-to-pay.php: GET data: {
    "ref": "6F3AC03F"
}[2025-11-24 02:19:41] proceed-to-pay.php: GET data: {
    "ref": "6F3AC03F"
}[2025-11-24 02:24:43] submit.php: POST data: {
    "name": "User Test",
    "contact_number": "0712345678",
    "gmail": "gem_test@sltdigital.site",
    "address": "eeee\r\nereer",
    "regional_centre": "Head Office - Kaduwela",
    "course_type": "Certificate Level Courses",
    "course": "Certificate in Gemmology",
    "course_fee_display": "Registration Fee: Rs. 2,000 | Course Fee: Rs. 70,000",
    "reg_fee": "2000",
    "course_fee": "70000",
    "total_fee_display": "Total Fee: Rs. 72,000",
    "nic_passport": "1999999999",
    "education_background": "dd",
    "declaration": "1",
    "declaration2": "1"
}[2025-11-24 02:26:49] complete.php started – SID: 818e9bb782bed08683f9892f41dbdb3b
[2025-11-24 02:26:49] GET: {"resultIndicator":"4b42e3e89ef746c0","sessionVersion":"787e411a09","checkoutVersion":"1.0.0"}
[2025-11-24 02:26:49] POST: []
[2025-11-24 02:26:49] SESSION: {"pending_payment_app_id":125,"pending_amount":37000,"pending_installment":"first","session_id":"SESSION0002482750913N9232766F75","success_indicator":"4b42e3e89ef746c0","order_id":"1DA4DF07-FIRST-1763972720","amount":37000}
[2025-11-24 02:26:49] Missing session data
[2025-11-24 02:27:02] proceed-to-pay.php: GET data: {
    "ref": "",
    "error": "Invalid session"
}[2025-11-24 02:27:04] proceed-to-pay.php: GET data: {
    "ref": "",
    "error": "Invalid session"
}[2025-11-24 02:31:42] submit.php: POST data: {
    "name": "User Test",
    "contact_number": "0712345678",
    "gmail": "gem_test@sltdigital.site",
    "address": "user test address",
    "regional_centre": "Head Office - Kaduwela",
    "course_type": "Certificate Level Courses",
    "course": "Certificate in Basic Gemmology",
    "course_fee_display": "Registration Fee: Rs. 2,000 | Course Fee: Rs. 50,000",
    "reg_fee": "2000",
    "course_fee": "50000",
    "total_fee_display": "Total Fee: Rs. 52,000",
    "nic_passport": "1999999999",
    "education_background": "eee",
    "declaration": "1",
    "declaration2": "1"
}[2025-11-24 02:32:02] proceed-to-pay.php: GET data: {
    "ref": "E291E8C0"
}[2025-11-24 02:33:15] complete.php started – SID: 818e9bb782bed08683f9892f41dbdb3b
[2025-11-24 02:33:15] GET: {"resultIndicator":"b3ac21eff76f4144","sessionVersion":"da6e7c0809","checkoutVersion":"1.0.0"}
[2025-11-24 02:33:15] POST: []
[2025-11-24 02:33:15] SESSION: {"pending_payment_app_id":126,"pending_amount":27000,"pending_installment":"first","session_id":"SESSION0002051089226I9750816J96","success_indicator":"b3ac21eff76f4144","order_id":"E291E8C0-FIRST-1763973164","amount":27000}
[2025-11-24 02:33:15] Missing session data
[2025-11-24 02:33:15] proceed-to-pay.php: GET data: {
    "ref": "",
    "error": "Invalid session"
}[2025-11-24 02:34:01] proceed-to-pay.php: GET data: {
    "ref": "",
    "error": "Invalid session"
}[2025-11-24 02:34:03] proceed-to-pay.php: GET data: {
    "ref": "",
    "error": "Invalid session"
}[2025-11-24 02:42:22] submit.php: POST data: {
    "name": "User Test",
    "contact_number": "0712345678",
    "gmail": "gem_test@sltdigital.site",
    "address": "eeee\r\nereer",
    "regional_centre": "Head Office - Kaduwela",
    "course_type": "Certificate Level Courses",
    "course": "Certificate in Basic Gemmology",
    "course_fee_display": "Registration Fee: Rs. 2,000 | Course Fee: Rs. 50,000",
    "reg_fee": "2000",
    "course_fee": "50000",
    "total_fee_display": "Total Fee: Rs. 52,000",
    "nic_passport": "1999999999",
    "education_background": "sw",
    "declaration": "1",
    "declaration2": "1"
}[2025-11-24 02:42:52] proceed-to-pay.php: GET data: {
    "ref": "2DB42F13"
}[2025-11-24 02:50:44] proceed-to-pay.php: GET data: {
    "ref": ""
}[2025-11-24 02:50:46] proceed-to-pay.php: GET data: {
    "ref": ""
}[2025-11-24 02:53:52] submit.php: POST data: {
    "name": "User Test",
    "contact_number": "0712345678",
    "gmail": "gem_test@sltdigital.site",
    "address": "eeee\r\nereer",
    "regional_centre": "Head Office - Kaduwela",
    "course_type": "Certificate Level Courses",
    "course": "Certificate in Blended Gemmology",
    "course_fee_display": "Registration Fee: Rs. 2,000 | Course Fee: Rs. 70,000",
    "reg_fee": "2000",
    "course_fee": "70000",
    "total_fee_display": "Total Fee: Rs. 72,000",
    "nic_passport": "1999999999",
    "education_background": "gg",
    "declaration": "1",
    "declaration2": "1"
}[2025-11-24 02:54:11] proceed-to-pay.php: GET data: {
    "ref": "708065D1"
}[2025-11-24 04:21:38] submit.php: POST data: {
    "name": "User Test",
    "contact_number": "0712345678",
    "gmail": "gem_test@sltdigital.site",
    "address": "user test address",
    "regional_centre": "Ratnapura",
    "course_type": "Certificate Level Courses",
    "course": "Certificate in Basic Gemmology",
    "course_fee_display": "Registration Fee: Rs. 2,000 | Course Fee: Rs. 50,000",
    "reg_fee": "2000",
    "course_fee": "50000",
    "total_fee_display": "Total Fee: Rs. 52,000",
    "nic_passport": "1999999999",
    "education_background": "s",
    "declaration": "1",
    "declaration2": "1"
}[2025-11-24 04:22:05] proceed-to-pay.php: GET data: {
    "ref": "B582C0AF"
}[2025-11-24 04:39:56] submit.php: POST data: {
    "name": "Test",
    "contact_number": "0778439871",
    "gmail": "gem_test@sltdigital.site",
    "address": "hi",
    "regional_centre": "Ratnapura",
    "course_type": "Diploma Level Courses",
    "course": "Diploma in Professional Gemmology (Dip. PGSL)",
    "course_fee_display": "Registration Fee: Rs. 2,000 | Course Fee: Rs. 150,000",
    "reg_fee": "2000",
    "course_fee": "150000",
    "total_fee_display": "Total Fee: Rs. 152,000",
    "nic_passport": "1999999999",
    "education_background": "r",
    "declaration": "1",
    "declaration2": "1"
}[2025-11-24 04:40:15] proceed-to-pay.php: GET data: {
    "ref": "4E25D62F"
}[2025-11-24 04:43:21] proceed-to-pay.php: GET data: {
    "ref": "4E25D62F"
}[2025-11-24 05:22:17] submit.php: POST data: {
    "name": "1",
    "contact_number": "1",
    "gmail": "gem_test@sltdigital.site",
    "address": "hi",
    "regional_centre": "Head Office - Kaduwela",
    "course_type": "Certificate Level Courses",
    "course": "Certificate in Jewellery Assaying and Hallmarking",
    "course_fee_display": "Registration Fee: Rs. 2,000 | Course Fee: Rs. 45,000",
    "reg_fee": "2000",
    "course_fee": "45000",
    "total_fee_display": "Total Fee: Rs. 47,000",
    "nic_passport": "1999999999",
    "education_background": "q",
    "declaration": "1",
    "declaration2": "1"
}[2025-11-24 05:38:02] submit.php: POST data: {
    "name": "1",
    "contact_number": "1",
    "gmail": "gem_test@sltdigital.site",
    "address": "user test address",
    "regional_centre": "Head Office - Kaduwela",
    "course_type": "Certificate Level Courses",
    "course": "Certificate in Jewellery Casting and Electro Plating",
    "course_fee_display": "Registration Fee: Rs. 2,000 | Course Fee: Rs. 50,000",
    "reg_fee": "2000",
    "course_fee": "50000",
    "total_fee_display": "Total Fee: Rs. 52,000",
    "nic_passport": "1999999999",
    "education_background": "oo",
    "declaration": "1",
    "declaration2": "1"
}[2025-11-25 00:25:45] submit.php: POST data: {
    "name": "1",
    "contact_number": "1",
    "gmail": "gem_test@sltdigital.site",
    "address": "eeee\r\nereer",
    "regional_centre": "Head Office - Kaduwela",
    "course_type": "Certificate Level Courses",
    "course": "Certificate in Basic Gemmology",
    "course_fee_display": "Registration Fee: Rs. 2,000 | Course Fee: Rs. 50,000",
    "reg_fee": "2000",
    "course_fee": "50000",
    "total_fee_display": "Total Fee: Rs. 52,000",
    "nic_passport": "1999999999",
    "education_background": "test",
    "declaration": "1",
    "declaration2": "1"
}[2025-11-25 00:35:46] submit.php: POST data: {
    "name": "User Test",
    "contact_number": "0712345678",
    "gmail": "gem_test@sltdigital.site",
    "address": "eeee\r\nereer",
    "regional_centre": "Head Office - Kaduwela",
    "course_type": "Certificate Level Courses",
    "course": "Certificate in Gem Cutting and Polishing (NVQ 4)",
    "course_fee_display": "Registration Fee: Rs. 2,000 | Course Fee: Rs. 45,000",
    "reg_fee": "2000",
    "course_fee": "45000",
    "total_fee_display": "Total Fee: Rs. 47,000",
    "nic_passport": "1999999999",
    "education_background": "dd",
    "declaration": "1",
    "declaration2": "1"
}[2025-11-25 00:41:34] submit.php: POST data: {
    "name": "User Test",
    "contact_number": "0712345678",
    "gmail": "gem_test@sltdigital.site",
    "address": "",
    "regional_centre": "Head Office - Kaduwela",
    "course_type": "Certificate Level Courses",
    "course": "Certificate in Jewellery Casting and Electro Plating",
    "course_fee_display": "Registration Fee: Rs. 2,000 | Course Fee: Rs. 50,000",
    "reg_fee": "2000",
    "course_fee": "50000",
    "total_fee_display": "Total Fee: Rs. 52,000",
    "nic_passport": "1999999999",
    "education_background": "s",
    "declaration": "1",
    "declaration2": "1"
}[2025-11-25 01:16:46] submit.php: POST data: {
    "name": "User Test",
    "contact_number": "0712345678",
    "gmail": "gem_test@sltdigital.site",
    "address": "eeee\r\nereer",
    "regional_centre": "Ratnapura",
    "course_type": "Certificate Level Courses",
    "course": "Certificate in Gemmology",
    "course_fee_display": "Registration Fee: Rs. 2,000 | Course Fee: Rs. 70,000",
    "reg_fee": "2000",
    "course_fee": "70000",
    "total_fee_display": "Total Fee: Rs. 72,000",
    "nic_passport": "1999999999",
    "education_background": "qwqw",
    "declaration": "1",
    "declaration2": "1"
}[2025-11-25 01:21:52] submit.php: POST data: {
    "name": "User Test",
    "contact_number": "0712345678",
    "gmail": "gem_test@sltdigital.site",
    "address": "www",
    "regional_centre": "Head Office - Kaduwela",
    "course_type": "Certificate Level Courses",
    "course": "Certificate in Jewellery Manufacturing (NVQ 4)",
    "course_fee_display": "Registration Fee: Rs. 2,000 | Course Fee: Rs. 50,000",
    "reg_fee": "2000",
    "course_fee": "50000",
    "total_fee_display": "Total Fee: Rs. 52,000",
    "nic_passport": "1999999999",
    "education_background": "w",
    "declaration": "1",
    "declaration2": "1"
}[2025-11-25 01:49:48] submit.php: POST data: {
    "name": "User Test",
    "contact_number": "0712345678",
    "gmail": "gem_test@sltdigital.site",
    "address": "eeee\r\nereer",
    "regional_centre": "Head Office - Kaduwela",
    "course_type": "Certificate Level Courses",
    "course": "Certificate in Jewellery Assaying and Hallmarking",
    "course_fee_display": "Registration Fee: Rs. 2,000 | Course Fee: Rs. 45,000",
    "reg_fee": "2000",
    "course_fee": "45000",
    "total_fee_display": "Total Fee: Rs. 47,000",
    "nic_passport": "1999999999",
    "education_background": "t",
    "declaration": "1",
    "declaration2": "1"
}[2025-11-25 02:43:15] submit.php: POST data: {
    "name": "User Test",
    "contact_number": "0712345678",
    "gmail": "gem_test@sltdigital.site",
    "address": "user test address",
    "regional_centre": "Head Office - Kaduwela",
    "course_type": "Certificate Level Courses",
    "course": "Certificate in Blended Gemmology",
    "course_fee_display": "Registration Fee: Rs. 2,000 | Course Fee: Rs. 70,000",
    "reg_fee": "2000",
    "course_fee": "70000",
    "total_fee_display": "Total Fee: Rs. 72,000",
    "nic_passport": "1999999999",
    "education_background": "r",
    "declaration": "1",
    "declaration2": "1"
}[2025-11-25 02:48:29] submit.php: POST data: {
    "name": "Tailor made",
    "contact_number": "0712345678",
    "gmail": "gem_test@sltdigital.site",
    "address": "",
    "regional_centre": "Head Office - Kaduwela",
    "course_type": "Certificate Level Courses",
    "course": "Jewellery Certificate in Tailor \u2013 Made Courses",
    "course_fee_display": "For further information such as course dates, duration, and payment details, please contact the administrator",
    "reg_fee": "",
    "course_fee": "",
    "total_fee_display": "",
    "nic_passport": "1999999999",
    "education_background": "qeqe",
    "declaration": "1",
    "declaration2": "1"
}[2025-11-25 02:57:29] submit.php: POST data: {
    "name": "Tailor made",
    "contact_number": "0712345678",
    "gmail": "gem_test@sltdigital.site",
    "address": "eeee\r\nereer",
    "regional_centre": "Head Office - Kaduwela",
    "course_type": "Certificate Level Courses",
    "course": "Gem Related Certificate in Tailor \u2013 Made Courses",
    "course_fee_display": "For further information such as course dates, duration, and payment details, please contact the administrator",
    "reg_fee": "",
    "course_fee": "",
    "total_fee_display": "",
    "nic_passport": "1999999999",
    "education_background": "e",
    "declaration": "1",
    "declaration2": "1"
}[2025-11-25 04:20:15] submit.php: POST data: {
    "name": "Tailor made",
    "contact_number": "0712345678",
    "gmail": "gem_test@sltdigital.site",
    "address": "eeee\r\nereer",
    "regional_centre": "Head Office - Kaduwela",
    "course_type": "Certificate Level Courses",
    "course": "Jewellery Certificate in Tailor \u2013 Made Courses",
    "course_fee_display": "For further information such as course dates, duration, and payment details, please contact the administrator",
    "reg_fee": "",
    "course_fee": "",
    "total_fee_display": "",
    "nic_passport": "1999999999",
    "education_background": "s",
    "declaration": "1",
    "declaration2": "1"
}[2025-11-25 04:32:31] submit.php: POST data: {
    "name": "user",
    "contact_number": "0712345678",
    "gmail": "gem_test@sltdigital.site",
    "address": "eeee\r\nereer",
    "regional_centre": "Head Office - Kaduwela",
    "course_type": "Certificate Level Courses",
    "course": "Certificate in Basic Gemmology",
    "course_fee_display": "Registration Fee: Rs. 2,000 | Course Fee: Rs. 50,000",
    "reg_fee": "2000",
    "course_fee": "50000",
    "total_fee_display": "Total Fee: Rs. 52,000",
    "nic_passport": "1999999999",
    "education_background": "c",
    "declaration": "1",
    "declaration2": "1"
}[2025-11-25 04:36:42] submit.php: POST data: {
    "name": "user",
    "contact_number": "0712345678",
    "gmail": "gem_test@sltdigital.site",
    "address": "user test address",
    "regional_centre": "Head Office - Kaduwela",
    "course_type": "Certificate Level Courses",
    "course": "Jewellery Certificate in Tailor \u2013 Made Courses",
    "course_fee_display": "For further information such as course dates, duration, and payment details, please contact the administrator",
    "reg_fee": "",
    "course_fee": "",
    "total_fee_display": "",
    "nic_passport": "1999999999",
    "education_background": "q",
    "declaration": "1",
    "declaration2": "1"
}[2025-11-25 04:40:48] submit.php: POST data: {
    "name": "user",
    "contact_number": "0712345678",
    "gmail": "gem_test@sltdigital.site",
    "address": "ds",
    "regional_centre": "Head Office - Kaduwela",
    "course_type": "Certificate Level Courses",
    "course": "Certificate in Basic Gemmology",
    "course_fee_display": "Registration Fee: Rs. 2,000 | Course Fee: Rs. 50,000",
    "reg_fee": "2000",
    "course_fee": "50000",
    "total_fee_display": "Total Fee: Rs. 52,000",
    "nic_passport": "1999999999",
    "education_background": "s",
    "declaration": "1",
    "declaration2": "1"
}[2025-11-25 06:14:29] submit.php: POST data: {
    "name": "User Test",
    "contact_number": "0712345678",
    "gmail": "gem_test@sltdigital.site",
    "address": "user test address",
    "regional_centre": "Head Office - Kaduwela",
    "course_type": "Certificate Level Courses",
    "course": "Certificate in Basic Gemmology",
    "course_fee_display": "Registration Fee: Rs. 2,000 | Course Fee: Rs. 50,000",
    "reg_fee": "2000",
    "course_fee": "50000",
    "total_fee_display": "Total Fee: Rs. 52,000",
    "nic_passport": "1999999999",
    "education_background": "d",
    "declaration": "1",
    "declaration2": "1"
}[2025-11-25 06:32:31] submit.php: POST data: {
    "name": "User Test",
    "contact_number": "0712345678",
    "gmail": "gem_test@sltdigital.site",
    "address": "eeee\r\nereer",
    "regional_centre": "Head Office - Kaduwela",
    "course_type": "International Courses",
    "course": "Gem-A Foundation Course",
    "course_fee_display": "Registration Fee: Rs. 10,000 | Course Fee: Rs. 589,567.22",
    "reg_fee": "10000",
    "course_fee": "589567.22",
    "total_fee_display": "Total Fee: Rs. 599,567.22",
    "nic_passport": "1999999999",
    "education_background": "yy",
    "declaration": "1",
    "declaration2": "1"
}[2025-11-25 06:34:34] submit.php: POST data: {
    "name": "User Test",
    "contact_number": "0712345678",
    "gmail": "gem_test@sltdigital.site",
    "address": "ww",
    "regional_centre": "Head Office - Kaduwela",
    "course_type": "International Courses",
    "course": "Gem-A Foundation Course",
    "course_fee_display": "Registration Fee: Rs. 10,000 | Course Fee: Rs. 589,567.22",
    "reg_fee": "10000",
    "course_fee": "589567.22",
    "total_fee_display": "Total Fee: Rs. 599,567.22",
    "nic_passport": "1999999999",
    "education_background": "3343",
    "declaration": "1",
    "declaration2": "1"
}[2025-11-25 06:39:43] submit.php: POST data: {
    "name": "User Test",
    "contact_number": "0712345678",
    "gmail": "gem_test@sltdigital.site",
    "address": "user test address",
    "regional_centre": "Head Office - Kaduwela",
    "course_type": "Certificate Level Courses",
    "course": "Certificate in Jewellery Manufacturing (NVQ 3)",
    "course_fee_display": "Registration Fee: Rs. 2,000 | Course Fee: Rs. 20,000",
    "reg_fee": "2000",
    "course_fee": "20000",
    "total_fee_display": "Total Fee: Rs. 22,000",
    "nic_passport": "1999999999",
    "education_background": "99",
    "declaration": "1",
    "declaration2": "1"
}[2025-11-25 06:49:21] submit.php: POST data: {
    "name": "User Test",
    "contact_number": "0712345678",
    "gmail": "gem_test@sltdigital.site",
    "address": "hi",
    "regional_centre": "Head Office - Kaduwela",
    "course_type": "Certificate Level Courses",
    "course": "Certificate in Basic Gemmology",
    "course_fee_display": "Registration Fee: Rs. 2,000 | Course Fee: Rs. 50,000",
    "reg_fee": "2000",
    "course_fee": "50000",
    "total_fee_display": "Total Fee: Rs. 52,000",
    "nic_passport": "1999999999",
    "education_background": "dd",
    "declaration": "1",
    "declaration2": "1"
}[2025-11-25 07:00:48] submit.php: POST data: {
    "name": "User Test",
    "contact_number": "0712345678",
    "gmail": "gem_test@sltdigital.site",
    "address": "dd",
    "regional_centre": "Head Office - Kaduwela",
    "course_type": "Certificate Level Courses",
    "course": "Certificate in Gemmology",
    "course_fee_display": "Registration Fee: Rs. 2,000 | Course Fee: Rs. 70,000",
    "reg_fee": "2000",
    "course_fee": "70000",
    "total_fee_display": "Total Fee: Rs. 72,000",
    "nic_passport": "1999999999",
    "education_background": "d",
    "declaration": "1",
    "declaration2": "1"
}[2025-11-25 07:20:35] submit.php: POST data: {
    "name": "User Test",
    "contact_number": "0712345678",
    "gmail": "gem_test@sltdigital.site",
    "address": "user test address",
    "regional_centre": "Head Office - Kaduwela",
    "course_type": "Certificate Level Courses",
    "course": "Gem Related Certificate in Tailor \u2013 Made Courses",
    "course_fee_display": "For further information such as course dates, duration, and payment details, please contact the administrator",
    "reg_fee": "",
    "course_fee": "",
    "total_fee_display": "",
    "nic_passport": "1999999999",
    "education_background": "e",
    "declaration": "1",
    "declaration2": "1"
}[2025-11-25 07:25:57] submit.php: POST data: {
    "name": "User Test",
    "contact_number": "0712345678",
    "gmail": "gem_test@sltdigital.site",
    "address": "",
    "regional_centre": "Head Office - Kaduwela",
    "course_type": "Certificate Level Courses",
    "course": "Certificate in Basic Gemmology",
    "course_fee_display": "Registration Fee: Rs. 2,000 | Course Fee: Rs. 50,000",
    "reg_fee": "2000",
    "course_fee": "50000",
    "total_fee_display": "Total Fee: Rs. 52,000",
    "nic_passport": "1999999999",
    "education_background": "w",
    "declaration": "1",
    "declaration2": "1"
}[2025-11-25 22:15:13] submit.php: POST data: {
    "name": "1",
    "contact_number": "011234456",
    "gmail": "gem_test@sltdigital.site",
    "address": "eeee\r\nereer",
    "regional_centre": "Head Office - Kaduwela",
    "course_type": "Certificate Level Courses",
    "course": "Certificate in Gemmology",
    "course_fee_display": "Registration Fee: Rs. 2,000 | Course Fee: Rs. 70,000",
    "reg_fee": "2000",
    "course_fee": "70000",
    "total_fee_display": "Total Fee: Rs. 72,000",
    "nic_passport": "1999999999",
    "education_background": "qqqq",
    "declaration": "1",
    "declaration2": "1"
}[2025-11-25 22:21:37] submit.php: POST data: {
    "name": "2",
    "contact_number": "0712345678",
    "gmail": "gem_test@sltdigital.site",
    "address": "user test address",
    "regional_centre": "Head Office - Kaduwela",
    "course_type": "Certificate Level Courses",
    "course": "Certificate in Gem Cutting and Polishing (Weekend)",
    "course_fee_display": "Registration Fee: Rs. 2,000 | Course Fee: Rs. 35,000",
    "reg_fee": "2000",
    "course_fee": "35000",
    "total_fee_display": "Total Fee: Rs. 37,000",
    "nic_passport": "1999999999",
    "education_background": "3344",
    "declaration": "1",
    "declaration2": "1"
}[2025-11-25 22:24:12] submit.php: POST data: {
    "name": "3",
    "contact_number": "0712345678",
    "gmail": "gem_test@sltdigital.site",
    "address": "user test address",
    "regional_centre": "Head Office - Kaduwela",
    "course_type": "Certificate Level Courses",
    "course": "Certificate in Geuda Heat Treatment",
    "course_fee_display": "Registration Fee: Rs. 2,000 | Course Fee: Rs. 55,000",
    "reg_fee": "2000",
    "course_fee": "55000",
    "total_fee_display": "Total Fee: Rs. 57,000",
    "nic_passport": "1999999999",
    "education_background": "2",
    "declaration": "1",
    "declaration2": "1"
}[2025-11-25 22:28:52] submit.php: POST data: {
    "name": "4",
    "contact_number": "0712345678",
    "gmail": "gem_test@sltdigital.site",
    "address": "user test address",
    "regional_centre": "Head Office - Kaduwela",
    "course_type": "Certificate Level Courses",
    "course": "Certificate in Gem Cutting and Polishing (NVQ 3)",
    "course_fee_display": "Registration Fee: Rs. 2,000 | Course Fee: Rs. 35,000",
    "reg_fee": "2000",
    "course_fee": "35000",
    "total_fee_display": "Total Fee: Rs. 37,000",
    "nic_passport": "1999999999",
    "education_background": "qe",
    "declaration": "1",
    "declaration2": "1"
}[2025-11-25 22:31:54] submit.php: POST data: {
    "name": "5",
    "contact_number": "0712345678",
    "gmail": "gem_test@sltdigital.site",
    "address": "user test address",
    "regional_centre": "Head Office - Kaduwela",
    "course_type": "International Courses",
    "course": "Gem-A Foundation Course",
    "course_fee_display": "Registration Fee: Rs. 10,000 | Course Fee: Rs. 589,567.22",
    "reg_fee": "10000",
    "course_fee": "589567.22",
    "total_fee_display": "Total Fee: Rs. 599,567.22",
    "nic_passport": "1999999999",
    "education_background": "3",
    "declaration": "1",
    "declaration2": "1"
}[2025-11-25 22:35:55] submit.php: POST data: {
    "name": "6",
    "contact_number": "0712345678",
    "gmail": "gem_test@sltdigital.site",
    "address": "user test address",
    "regional_centre": "Head Office - Kaduwela",
    "course_type": "Certificate Level Courses",
    "course": "Jewellery Certificate in Tailor \u2013 Made Courses",
    "course_fee_display": "For further information such as course dates, duration, and payment details, please contact the administrator",
    "reg_fee": "",
    "course_fee": "",
    "total_fee_display": "",
    "nic_passport": "1999999999",
    "education_background": "33",
    "declaration": "1",
    "declaration2": "1"
}[2025-11-25 22:51:47] submit.php: POST data: {
    "name": "7",
    "contact_number": "0712345678",
    "gmail": "gem_test@sltdigital.site",
    "address": "user test address",
    "regional_centre": "Head Office - Kaduwela",
    "course_type": "Certificate Level Courses",
    "course": "Jewellery Certificate in Tailor \u2013 Made Courses",
    "course_fee_display": "For further information such as course dates, duration, and payment details, please contact the administrator",
    "reg_fee": "",
    "course_fee": "",
    "total_fee_display": "",
    "nic_passport": "1999999999",
    "education_background": "fgf",
    "declaration": "1",
    "declaration2": "1"
}[2025-11-25 22:53:16] submit.php: POST data: {
    "name": "9",
    "contact_number": "0712345678",
    "gmail": "gem_test@sltdigital.site",
    "address": "user test address",
    "regional_centre": "Head Office - Kaduwela",
    "course_type": "Certificate Level Courses",
    "course": "Certificate in Jewellery Assaying and Hallmarking",
    "course_fee_display": "Registration Fee: Rs. 2,000 | Course Fee: Rs. 45,000",
    "reg_fee": "2000",
    "course_fee": "45000",
    "total_fee_display": "Total Fee: Rs. 47,000",
    "nic_passport": "1999999999",
    "education_background": "3424",
    "declaration": "1",
    "declaration2": "1"
}[2025-11-25 23:05:14] submit.php: POST data: {
    "name": "10",
    "contact_number": "0712345678",
    "gmail": "gem_test@sltdigital.site",
    "address": "user test address",
    "regional_centre": "Head Office - Kaduwela",
    "course_type": "Certificate Level Courses",
    "course": "Certificate in Jewellery Casting and Electro Plating",
    "course_fee_display": "Registration Fee: Rs. 2,000 | Course Fee: Rs. 50,000",
    "reg_fee": "2000",
    "course_fee": "50000",
    "total_fee_display": "Total Fee: Rs. 52,000",
    "nic_passport": "1999999999",
    "education_background": "4",
    "declaration": "1",
    "declaration2": "1"
}[2025-11-26 00:47:57] submit.php: POST data: {
    "name": "1",
    "contact_number": "0712345678",
    "gmail": "gem_test@sltdigital.site",
    "address": "user test address",
    "regional_centre": "Head Office - Kaduwela",
    "course_type": "Certificate Level Courses",
    "course": "Certificate in Gem Cutting and Polishing (NVQ 3)",
    "course_fee_display": "Registration Fee: Rs. 2,000 | Course Fee: Rs. 35,000",
    "reg_fee": "2000",
    "course_fee": "35000",
    "total_fee_display": "Total Fee: Rs. 37,000",
    "nic_passport": "1999999999",
    "education_background": "jj",
    "declaration": "1",
    "declaration2": "1"
}[2025-11-26 01:20:56] submit.php: POST data: {
    "name": "1",
    "contact_number": "011234456",
    "gmail": "gem_test@sltdigital.site",
    "address": "eeee\r\nereer",
    "regional_centre": "Head Office - Kaduwela",
    "course_type": "Certificate Level Courses",
    "course": "Certificate in Jewellery Designing Technology (NVQ 4)",
    "course_fee_display": "Registration Fee: Rs. 2,000 | Course Fee: Rs. 60,000",
    "reg_fee": "2000",
    "course_fee": "60000",
    "total_fee_display": "Total Fee: Rs. 62,000",
    "nic_passport": "1999999999",
    "education_background": "r",
    "declaration": "1",
    "declaration2": "1"
}[2025-11-26 01:28:47] submit.php: POST data: {
    "name": "1",
    "contact_number": "0712345678",
    "gmail": "gem_test@sltdigital.site",
    "address": "user test address",
    "regional_centre": "Head Office - Kaduwela",
    "course_type": "Certificate Level Courses",
    "course": "Jewellery Certificate in Tailor \u2013 Made Courses",
    "course_fee_display": "For further information such as course dates, duration, and payment details, please contact the administrator",
    "reg_fee": "",
    "course_fee": "",
    "total_fee_display": "",
    "nic_passport": "1999999999",
    "education_background": "2",
    "declaration": "1",
    "declaration2": "1"
}[2025-11-26 01:29:45] submit.php: POST data: {
    "name": "1",
    "contact_number": "0712345678",
    "gmail": "gem_test@sltdigital.site",
    "address": "aaaa",
    "regional_centre": "Head Office - Kaduwela",
    "course_type": "Certificate Level Courses",
    "course": "Jewellery Certificate in Tailor \u2013 Made Courses",
    "course_fee_display": "For further information such as course dates, duration, and payment details, please contact the administrator",
    "reg_fee": "",
    "course_fee": "",
    "total_fee_display": "",
    "nic_passport": "1999999999",
    "education_background": "a",
    "declaration": "1",
    "declaration2": "1"
}[2025-11-26 01:31:44] submit.php: POST data: {
    "name": "1",
    "contact_number": "0712345678",
    "gmail": "gem_test@sltdigital.site",
    "address": "33",
    "regional_centre": "Head Office - Kaduwela",
    "course_type": "Certificate Level Courses",
    "course": "Certificate in Jewellery Casting and Electro Plating",
    "course_fee_display": "Registration Fee: Rs. 2,000 | Course Fee: Rs. 50,000",
    "reg_fee": "2000",
    "course_fee": "50000",
    "total_fee_display": "Total Fee: Rs. 52,000",
    "nic_passport": "1999999999",
    "education_background": "3",
    "declaration": "1",
    "declaration2": "1"
}[2025-11-26 02:07:55] submit.php: POST data: {
    "name": "1",
    "contact_number": "0712345678",
    "gmail": "gem_test@sltdigital.site",
    "address": "e",
    "regional_centre": "Head Office - Kaduwela",
    "course_type": "Certificate Level Courses",
    "course": "Certificate in Basic Gemmology",
    "course_fee_display": "Registration Fee: Rs. 2,000 | Course Fee: Rs. 50,000",
    "reg_fee": "2000",
    "course_fee": "50000",
    "total_fee_display": "Total Fee: Rs. 52,000",
    "nic_passport": "1999999999",
    "education_background": "e",
    "declaration": "1",
    "declaration2": "1"
}[2025-11-26 02:08:11] submit.php: POST data: {
    "name": "1",
    "contact_number": "0712345678",
    "gmail": "gem_test@sltdigital.site",
    "address": "ee",
    "regional_centre": "Head Office - Kaduwela",
    "course_type": "Diploma Level Courses",
    "course": "Diploma in Professional Gemmology (Dip. PGSL)",
    "course_fee_display": "Registration Fee: Rs. 2,000 | Course Fee: Rs. 150,000",
    "reg_fee": "2000",
    "course_fee": "150000",
    "total_fee_display": "Total Fee: Rs. 152,000",
    "nic_passport": "1999999999",
    "education_background": "e",
    "declaration": "1",
    "declaration2": "1"
}[2025-11-26 02:08:30] submit.php: POST data: {
    "name": "1",
    "contact_number": "0712345678",
    "gmail": "gem_test@sltdigital.site",
    "address": "e",
    "regional_centre": "Head Office - Kaduwela",
    "course_type": "International Courses",
    "course": "Gem-A Foundation Course",
    "course_fee_display": "Registration Fee: Rs. 10,000 | Course Fee: Rs. 589,567.22",
    "reg_fee": "10000",
    "course_fee": "589567.22",
    "total_fee_display": "Total Fee: Rs. 599,567.22",
    "nic_passport": "1999999999",
    "education_background": "e",
    "declaration": "1",
    "declaration2": "1"
}[2025-11-26 05:17:31] submit.php: POST data: {
    "name": "1",
    "contact_number": "0712345678",
    "gmail": "gem_test@sltdigital.site",
    "address": "w",
    "regional_centre": "Head Office - Kaduwela",
    "course_type": "Certificate Level Courses",
    "course": "Certificate in Jewellery Casting and Electro Plating",
    "course_fee_display": "Registration Fee: Rs. 2,000 | Course Fee: Rs. 50,000",
    "reg_fee": "2000",
    "course_fee": "50000",
    "total_fee_display": "Total Fee: Rs. 52,000",
    "nic_passport": "1999999999",
    "education_background": "t",
    "declaration": "1",
    "declaration2": "1"
}[2025-11-26 05:18:56] submit.php: POST data: {
    "name": "1",
    "contact_number": "0712345678",
    "gmail": "gem_test@sltdigital.site",
    "address": "e",
    "regional_centre": "Head Office - Kaduwela",
    "course_type": "Certificate Level Courses",
    "course": "Certificate in Jewellery Manufacturing (NVQ 3)",
    "course_fee_display": "Registration Fee: Rs. 2,000 | Course Fee: Rs. 20,000",
    "reg_fee": "2000",
    "course_fee": "20000",
    "total_fee_display": "Total Fee: Rs. 22,000",
    "nic_passport": "1999999999",
    "education_background": "e",
    "declaration": "1",
    "declaration2": "1"
}[2025-11-26 05:51:31] submit.php: POST data: {
    "name": "Sutharshan",
    "contact_number": "0778439871",
    "gmail": "gem_test@sltdigital.site",
    "address": "test address",
    "regional_centre": "Head Office - Kaduwela",
    "course_type": "Certificate Level Courses",
    "course": "Jewellery Certificate in Tailor \u2013 Made Courses",
    "course_fee_display": "For further information such as course dates, duration, and payment details, please contact the administrator",
    "reg_fee": "",
    "course_fee": "",
    "total_fee_display": "",
    "nic_passport": "1999999999",
    "education_background": "test",
    "declaration": "1",
    "declaration2": "1"
}[2025-11-26 05:54:46] submit.php: POST data: {
    "name": "Uvindu",
    "contact_number": "0778439871",
    "gmail": "gem_test@sltdigital.site",
    "address": "user test address",
    "regional_centre": "Head Office - Kaduwela",
    "course_type": "Certificate Level Courses",
    "course": "Certificate in Jewellery Designing Technology (NVQ 4)",
    "course_fee_display": "Registration Fee: Rs. 2,000 | Course Fee: Rs. 60,000",
    "reg_fee": "2000",
    "course_fee": "60000",
    "total_fee_display": "Total Fee: Rs. 62,000",
    "nic_passport": "1999999999",
    "education_background": "no",
    "declaration": "1",
    "declaration2": "1"
}[2025-11-26 21:31:04] submit.php: POST data: {
    "name": "Jegan Viththiya",
    "contact_number": "0717744341",
    "gmail": "jeganviththiya@gmail.com",
    "address": "Shangar Mill Road Vantharumoolai",
    "regional_centre": "Head Office - Kaduwela",
    "course_type": "Certificate Level Courses",
    "course": "Jewellery Certificate in Tailor \u2013 Made Courses",
    "course_fee_display": "For further information such as course dates, duration, and payment details, please contact the administrator",
    "reg_fee": "",
    "course_fee": "",
    "total_fee_display": "",
    "nic_passport": "930643523V",
    "education_background": "Test",
    "declaration": "1",
    "declaration2": "1"
}[2025-12-10 23:36:40] submit.php: POST data: {
    "name": "SATKUNANATHAN SUTHARSHAN",
    "contact_number": "0754347886",
    "gmail": "sutharshankanna04@gmail.com",
    "address": "Shangar Mill Road Vantharumoolai",
    "regional_centre": "Head Office - Kaduwela",
    "course_type": "Certificate Level Courses",
    "course": "Certificate in Gemmology",
    "course_fee_display": "Registration Fee: Rs. 2,000 | Course Fee: Rs. 70,000",
    "reg_fee": "2000",
    "course_fee": "70000",
    "total_fee_display": "Total Fee: Rs. 72,000",
    "nic_passport": "930643523V",
    "education_background": "",
    "declaration": "1",
    "declaration2": "1"
}[2025-12-22 08:00:02] submit.php: POST data: {
    "name": "Amila Sajith Kumarasinghe",
    "contact_number": "0760018683",
    "gmail": "amilasajith4@gmail.com",
    "address": "No 240 Galle Road Boossa",
    "regional_centre": "Head Office - Kaduwela",
    "course_type": "Diploma Level Courses",
    "course": "Diploma in Professional Gemmology (Dip. PGSL)",
    "course_fee_display": "Registration Fee: Rs. 2,000 | Course Fee: Rs. 150,000",
    "reg_fee": "2000",
    "course_fee": "150000",
    "total_fee_display": "Total Fee: Rs. 152,000",
    "nic_passport": "950463562V",
    "education_background": "have completed my GCE O\/Ls, have five years of working experience in a gem shop, and hold a Diploma in Business Management.",
    "declaration": "1",
    "declaration2": "1"
}[2025-12-22 08:01:01] submit.php: POST data: {
    "name": "Amila Sajith Kumarasinghe",
    "contact_number": "0760018683",
    "gmail": "amilasajith4@gmail.com",
    "address": "No 240 Galle Road Boossa",
    "regional_centre": "Head Office - Kaduwela",
    "course_type": "Diploma Level Courses",
    "course": "Diploma in Professional Gemmology (Dip. PGSL)",
    "course_fee_display": "Registration Fee: Rs. 2,000 | Course Fee: Rs. 150,000",
    "reg_fee": "2000",
    "course_fee": "150000",
    "total_fee_display": "Total Fee: Rs. 152,000",
    "nic_passport": "950463562V",
    "education_background": "have completed my GCE O\/Ls, have five years of working experience in a gem shop, and hold a Diploma in Business Management.",
    "declaration": "1",
    "declaration2": "1"
}[2025-12-22 08:02:00] submit.php: POST data: {
    "name": "Amila Sajith Kumarasinghe",
    "contact_number": "0760018683",
    "gmail": "amilasajith4@gmail.com",
    "address": "No 240 Galle Road Boossa",
    "regional_centre": "Head Office - Kaduwela",
    "course_type": "Diploma Level Courses",
    "course": "Diploma in Professional Gemmology (Dip. PGSL)",
    "course_fee_display": "Registration Fee: Rs. 2,000 | Course Fee: Rs. 150,000",
    "reg_fee": "2000",
    "course_fee": "150000",
    "total_fee_display": "Total Fee: Rs. 152,000",
    "nic_passport": "950463562V",
    "education_background": "have completed my GCE O\/Ls, have five years of working experience in a gem shop, and hold a Diploma in Business Management.",
    "declaration": "1",
    "declaration2": "1"
}[2025-12-22 08:31:06] submit.php: POST data: {
    "name": "Amila Sajith Kumarasinghe",
    "contact_number": "0760018683",
    "gmail": "amilasajith4@gmail.com",
    "address": "No 240 Galle Road Boossa",
    "regional_centre": "Head Office - Kaduwela",
    "course_type": "Diploma Level Courses",
    "course": "Diploma in Professional Gemmology (Dip. PGSL)",
    "course_fee_display": "Registration Fee: Rs. 2,000 | Course Fee: Rs. 150,000",
    "reg_fee": "2000",
    "course_fee": "150000",
    "total_fee_display": "Total Fee: Rs. 152,000",
    "nic_passport": "950463562V",
    "education_background": "have completed my GCE O\/Ls, have five years of working experience in a gem shop, and hold a Diploma in Business Management.",
    "declaration": "1",
    "declaration2": "1"
}[2025-12-26 04:16:52] submit.php: POST data: {
    "name": "M.R.M  AASHIF",
    "contact_number": "+94768904262",
    "gmail": "rizwanaashif8889@gmail.com",
    "address": "239\/4 ELAGOLLA ESTATE HEERASSAGALA KANDY ",
    "regional_centre": "Head Office - Kaduwela",
    "course_type": "Diploma Level Courses",
    "course": "Diploma in Professional Gemmology (Dip. PGSL)",
    "course_fee_display": "Registration Fee: Rs. 2,000 | Course Fee: Rs. 150,000",
    "reg_fee": "2000",
    "course_fee": "150000",
    "total_fee_display": "Total Fee: Rs. 152,000",
    "nic_passport": "200524601192",
    "education_background": "A\/l 3c\r\nO\/l 1A 3b 4c 1s",
    "declaration": "1",
    "declaration2": "1"
}[2025-12-27 08:06:14] submit.php: POST data: {
    "name": "Dimuth Priyankakumara Hakmana Vitharana ",
    "contact_number": "0778167275",
    "gmail": "dimuth.priyanka@gmail.com",
    "address": "197,Mandavila Road,Mulleriyawa New Town.",
    "regional_centre": "Head Office - Kaduwela",
    "course_type": "Certificate Level Courses",
    "course": "Certificate in Geuda Heat Treatment",
    "course_fee_display": "Registration Fee: Rs. 2,000 | Course Fee: Rs. 55,000",
    "reg_fee": "2000",
    "course_fee": "55000",
    "total_fee_display": "Total Fee: Rs. 57,000",
    "nic_passport": "691963438V",
    "education_background": "GCE O\/L\r\nGCE A\/L\r\nDiploma in Civil Engineering at Open University Nawala",
    "declaration": "1",
    "declaration2": "1"
}[2025-12-27 08:17:15] submit.php: POST data: {
    "name": "Dimuth Priyankakumara Hakmana Vitharana ",
    "contact_number": "0778167275",
    "gmail": "dimuth.priyanka@gmail.com",
    "address": "197,Mandavila Road,Mulleriyawa New Town.",
    "regional_centre": "Head Office - Kaduwela",
    "course_type": "Certificate Level Courses",
    "course": "Certificate in Geuda Heat Treatment",
    "course_fee_display": "Registration Fee: Rs. 2,000 | Course Fee: Rs. 55,000",
    "reg_fee": "2000",
    "course_fee": "55000",
    "total_fee_display": "Total Fee: Rs. 57,000",
    "nic_passport": "691963438V",
    "education_background": "GCE O\/L\r\nGCE A\/L\r\nDiploma in Civil Engineering at Open University Nawala",
    "declaration": "1",
    "declaration2": "1"
}[2025-12-28 17:23:41] submit.php: POST data: {
    "name": "LAWRANCE ANTHONY MACMILAN",
    "contact_number": "0777855070",
    "gmail": "m3macmilan@gmail.com",
    "address": "No 83 st benadict street colombo 13",
    "regional_centre": "Head Office - Kaduwela",
    "course_type": "Certificate Level Courses",
    "course": "Certificate in Basic Gemmology",
    "course_fee_display": "Registration Fee: Rs. 2,000 | Course Fee: Rs. 50,000",
    "reg_fee": "2000",
    "course_fee": "50000",
    "total_fee_display": "Total Fee: Rs. 52,000",
    "nic_passport": "940030200V",
    "education_background": "Al combined maths done",
    "declaration": "1",
    "declaration2": "1"
}[2025-12-29 02:33:44] submit.php: POST data: {
    "name": "Elamullage Don Rukshan Tharindu Gunawardana",
    "contact_number": "0715803114",
    "gmail": "edrukshan@gmail.com",
    "address": "73\/3, Galahitiyawa Road, Siyambalape South, Siyambalape.\r\n",
    "regional_centre": "Head Office - Kaduwela",
    "course_type": "Certificate Level Courses",
    "course": "Certificate in Gemmology",
    "course_fee_display": "Registration Fee: Rs. 2,000 | Course Fee: Rs. 70,000",
    "reg_fee": "2000",
    "course_fee": "70000",
    "total_fee_display": "Total Fee: Rs. 72,000",
    "nic_passport": "N11493338",
    "education_background": "BSc in Engineering",
    "declaration": "1",
    "declaration2": "1"
}[2025-12-30 12:32:17] submit.php: POST data: {
    "name": "PRIYAN KARUNARATHNE",
    "contact_number": "0775951185",
    "gmail": "priyankarunarathne@gmail.com",
    "address": "11\/1 1st Lane\r\nGnanendra Mawatha\r\nNawala",
    "regional_centre": "Head Office - Kaduwela",
    "course_type": "Certificate Level Courses",
    "course": "Certificate in Basic Gemmology",
    "course_fee_display": "Registration Fee: Rs. 2,000 | Course Fee: Rs. 50,000",
    "reg_fee": "2000",
    "course_fee": "50000",
    "total_fee_display": "Total Fee: Rs. 52,000",
    "nic_passport": "197703801681",
    "education_background": "G.C.E (A\/L)",
    "declaration": "1",
    "declaration2": "1"
}[2025-12-31 04:13:42] submit.php: POST data: {
    "name": "new test",
    "contact_number": "0778439871",
    "gmail": "yohanii725@gmail.com",
    "address": "730\/2\r\nMadinnagoda",
    "regional_centre": "Head Office - Kaduwela",
    "course_type": "Certificate Level Courses",
    "course": "Certificate in Gemmology",
    "course_fee_display": "Registration Fee: Rs. 2,000 | Course Fee: Rs. 70,000",
    "reg_fee": "2000",
    "course_fee": "70000",
    "total_fee_display": "Total Fee: Rs. 72,000",
    "nic_passport": "199958123456",
    "education_background": "hi",
    "declaration": "1",
    "declaration2": "1"
}[2025-12-31 04:18:10] submit.php: POST data: {
    "name": "Yohani Abeykoon",
    "contact_number": "0778439871",
    "gmail": "yohanii725@gmail.com",
    "address": "730\/2\r\nMadinnagoda",
    "regional_centre": "Head Office - Kaduwela",
    "course_type": "Certificate Level Courses",
    "course": "Certificate in Basic Gemmology",
    "course_fee_display": "Registration Fee: Rs. 2,000 | Course Fee: Rs. 50,000",
    "reg_fee": "2000",
    "course_fee": "50000",
    "total_fee_display": "Total Fee: Rs. 52,000",
    "nic_passport": "199958123456",
    "education_background": "h",
    "declaration": "1",
    "declaration2": "1"
}[2025-12-31 07:08:38] submit.php: POST data: {
    "name": "Kalpa Udayanga Liyanaarachchi",
    "contact_number": "0759985201",
    "gmail": "private.kalpa@gmail.com",
    "address": "No04, Dimiyawa, Dambuluwana, Ratnapura.",
    "regional_centre": "Ratnapura",
    "course_type": "Certificate Level Courses",
    "course": "Certificate in Gemmology",
    "course_fee_display": "Registration Fee: Rs. 2,000 | Course Fee: Rs. 70,000",
    "reg_fee": "2000",
    "course_fee": "70000",
    "total_fee_display": "Total Fee: Rs. 72,000",
    "nic_passport": "199633103667",
    "education_background": "Bachelor of Software Engineering Second Class Upper Division OUSL",
    "declaration": "1",
    "declaration2": "1"
}[2025-12-31 16:58:47] submit.php: POST data: {
    "name": "Sellahewage Suranga Manoj ",
    "contact_number": "0705561616",
    "gmail": "shsmanoj@gmail.com",
    "address": "205\/83, Pattiyakumburawatta, Hakurukumbura,Mirigama. ",
    "regional_centre": "Head Office - Kaduwela",
    "course_type": "Diploma Level Courses",
    "course": "Diploma in Professional Gemmology (Dip. PGSL)",
    "course_fee_display": "Registration Fee: Rs. 2,000 | Course Fee: Rs. 150,000",
    "reg_fee": "2000",
    "course_fee": "150000",
    "total_fee_display": "Total Fee: Rs. 152,000",
    "nic_passport": "840051323V",
    "education_background": "A\/L Passed",
    "declaration": "1",
    "declaration2": "1"
}[2025-12-31 17:00:39] submit.php: POST data: {
    "name": "Sellahewage Suranga Manoj ",
    "contact_number": "0705561616",
    "gmail": "shsmanoj@gmail.com",
    "address": "205\/83, Pattiyakumburawatta, Hakurukumbura,Mirigama. ",
    "regional_centre": "Head Office - Kaduwela",
    "course_type": "Diploma Level Courses",
    "course": "Diploma in Professional Gemmology (Dip. PGSL)",
    "course_fee_display": "Registration Fee: Rs. 2,000 | Course Fee: Rs. 150,000",
    "reg_fee": "2000",
    "course_fee": "150000",
    "total_fee_display": "Total Fee: Rs. 152,000",
    "nic_passport": "840051323V",
    "education_background": "A\/L Passed",
    "declaration": "1",
    "declaration2": "1"
}[2025-12-31 17:02:22] submit.php: POST data: {
    "name": "Sellahewage Suranga Manoj ",
    "contact_number": "0705561616",
    "gmail": "shsmanoj@gmail.com",
    "address": "205\/83, Pattiyakumburawatta,Hakurukumbura,Mirigama.",
    "regional_centre": "Head Office - Kaduwela",
    "course_type": "Diploma Level Courses",
    "course": "Diploma in Professional Gemmology (Dip. PGSL)",
    "course_fee_display": "Registration Fee: Rs. 2,000 | Course Fee: Rs. 150,000",
    "reg_fee": "2000",
    "course_fee": "150000",
    "total_fee_display": "Total Fee: Rs. 152,000",
    "nic_passport": "840051323V",
    "education_background": "Passed the A\/L",
    "declaration": "1",
    "declaration2": "1"
}[2026-01-01 07:05:56] submit.php: POST data: {
    "name": "Krishon Vinal",
    "contact_number": "0760064388",
    "gmail": "pkp2774@gmail.com",
    "address": "Wakarawatta, Andeniya, Badulla ",
    "regional_centre": "Badulla",
    "course_type": "Certificate Level Courses",
    "course": "Certificate in Basic Gemmology",
    "course_fee_display": "Registration Fee: Rs. 2,000 | Course Fee: Rs. 50,000",
    "reg_fee": "2000",
    "course_fee": "50000",
    "total_fee_display": "Total Fee: Rs. 52,000",
    "nic_passport": "200300401653",
    "education_background": "G. C. E O\/l - 8 A 1 B\r\nCertHElaw\r\nL. L. B ( university of London) - ug ",
    "declaration": "1",
    "declaration2": "1"
}[2026-01-01 07:13:03] submit.php: POST data: {
    "name": "Krishon Vinal",
    "contact_number": "0760064388",
    "gmail": "pkp2774@gmail.com",
    "address": "Wakarawatta, Andeniya, Badulla ",
    "regional_centre": "Badulla",
    "course_type": "Certificate Level Courses",
    "course": "Certificate in Basic Gemmology",
    "course_fee_display": "Registration Fee: Rs. 2,000 | Course Fee: Rs. 50,000",
    "reg_fee": "2000",
    "course_fee": "50000",
    "total_fee_display": "Total Fee: Rs. 52,000",
    "nic_passport": "200300401653",
    "education_background": "G. C. E O\/L - 8 A 1 B\r\nCertHE in law\r\nLLB (UoL) - ug",
    "declaration": "1",
    "declaration2": "1"
}[2026-01-02 07:11:38] submit.php: POST data: {
    "name": "Haseena Fuward",
    "contact_number": "0773175221",
    "gmail": "hazeena11@icloud.com",
    "address": "43\/Kahawatta,Ambathenna ",
    "regional_centre": "Kandy",
    "course_type": "Certificate Level Courses",
    "course": "Certificate in Jewellery Manufacturing (NVQ 3)",
    "course_fee_display": "Registration Fee: Rs. 2,000 | Course Fee: Rs. 20,000",
    "reg_fee": "2000",
    "course_fee": "20000",
    "total_fee_display": "Total Fee: Rs. 22,000",
    "nic_passport": "200566504831",
    "education_background": "Completed O\/l and Advanced level in Bio science stream and got 3C with B in General English, currently applied for the Bachelor of Software engineering Hons degree in OUSL ",
    "declaration": "1",
    "declaration2": "1"
}[2026-01-03 06:20:38] submit.php: POST data: {
    "name": "Asma Amjad Ali",
    "contact_number": "0768784535",
    "gmail": "asmaamjadali3@gmail.com",
    "address": "42\/27,Henawatte,beruwala ",
    "regional_centre": "Head Office - Kaduwela",
    "course_type": "Certificate Level Courses",
    "course": "Certificate in Gemmology",
    "course_fee_display": "Registration Fee: Rs. 2,000 | Course Fee: Rs. 70,000",
    "reg_fee": "2000",
    "course_fee": "70000",
    "total_fee_display": "Total Fee: Rs. 72,000",
    "nic_passport": "200559604969",
    "education_background": "Completed o levels\r\n3A4B2C",
    "declaration": "1",
    "declaration2": "1"
}[2026-01-03 12:07:38] submit.php: POST data: {
    "name": "Sunera Bandara",
    "contact_number": "0771418675",
    "gmail": "sunerab@gmail.com",
    "address": "109\/3 Fife Road Colombo 5",
    "regional_centre": "Head Office - Kaduwela",
    "course_type": "International Courses",
    "course": "Gem-A Foundation Course",
    "course_fee_display": "Registration Fee: Rs. 10,000 | Course Fee: Rs. 589,567.22",
    "reg_fee": "10000",
    "course_fee": "589567.22",
    "total_fee_display": "Total Fee: Rs. 599,567.22",
    "nic_passport": "199331902318",
    "education_background": "LLB (2:1 Hons) and have passed the Bar Course in England and Wales. Called to the Bar of England and Wales in 2024.",
    "declaration": "1",
    "declaration2": "1"
}[2026-01-03 19:38:41] submit.php: POST data: {
    "name": "Charaka Deneth Induwara Samarahewa",
    "contact_number": "0761183411",
    "gmail": "Denethinduwara12@gmail.com",
    "address": "No.24 Ragala Halgranoya, Nuwara eliya",
    "regional_centre": "Gampola",
    "course_type": "Diploma Level Courses",
    "course": "Diploma in Professional Gemmology (Dip. PGSL)",
    "course_fee_display": "Registration Fee: Rs. 2,000 | Course Fee: Rs. 150,000",
    "reg_fee": "2000",
    "course_fee": "150000",
    "total_fee_display": "Total Fee: Rs. 152,000",
    "nic_passport": "200001302522",
    "education_background": "Ordinary level\r\nFoundation of law",
    "declaration": "1",
    "declaration2": "1"
}[2026-01-04 12:19:50] submit.php: POST data: {
    "name": "Lesley George Joe Khadhaffi ",
    "contact_number": "0767624477",
    "gmail": "khadhaff@yahoo.com",
    "address": "42\/1A, First Lane,\r\nMihindugama, Rathnapura",
    "regional_centre": "Ratnapura",
    "course_type": "Diploma Level Courses",
    "course": "Diploma in Professional Gemmology (Dip. PGSL)",
    "course_fee_display": "Registration Fee: Rs. 2,000 | Course Fee: Rs. 150,000",
    "reg_fee": "2000",
    "course_fee": "150000",
    "total_fee_display": "Total Fee: Rs. 152,000",
    "nic_passport": "783272580V",
    "education_background": "MSc in IT\r\nFoundation Gemology Course at IGA Colombo",
    "declaration": "1",
    "declaration2": "1"
}[2026-01-05 02:52:48] submit.php: POST data: {
    "name": "Rukshan Tharindu Gunawardana",
    "contact_number": "0715803114",
    "gmail": "edrukshan@gmail.com",
    "address": "73\/3, Galahitoyawa Road, Siyambalape South Siyambalape",
    "regional_centre": "Head Office - Kaduwela",
    "course_type": "Certificate Level Courses",
    "course": "Certificate in Basic Gemmology",
    "course_fee_display": "Registration Fee: Rs. 2,000 | Course Fee: Rs. 50,000",
    "reg_fee": "2000",
    "course_fee": "50000",
    "total_fee_display": "Total Fee: Rs. 52,000",
    "nic_passport": "N11493338",
    "education_background": "BSc MEchanical Engineer",
    "declaration": "1",
    "declaration2": "1"
}[2026-01-05 08:58:23] submit.php: POST data: {
    "name": "M.R.M.Aashif",
    "contact_number": "0768904262",
    "gmail": "rizwanaashif8889@gmail.com",
    "address": "239\/4 Elagolla Estate Heerassagala Kandy",
    "regional_centre": "Head Office - Kaduwela",
    "course_type": "Diploma Level Courses",
    "course": "Diploma in Professional Gemmology (Dip. PGSL)",
    "course_fee_display": "Registration Fee: Rs. 2,000 | Course Fee: Rs. 150,000",
    "reg_fee": "2000",
    "course_fee": "150000",
    "total_fee_display": "Total Fee: Rs. 152,000",
    "nic_passport": "200524601192",
    "education_background": "A\/L 3c\r\nO\/l 1A 3B 4C 1S",
    "declaration": "1",
    "declaration2": "1"
}[2026-01-05 14:25:30] submit.php: POST data: {
    "name": "Rumeth Sanjutha Jayawardhana",
    "contact_number": "0776050404",
    "gmail": "rumethsanjutha@gmail.com",
    "address": "No 148\/11,\r\nSausiri Uyana,\r\nSchool Lane,Kirigampamunuwa\r\nPolgasovita",
    "regional_centre": "Head Office - Kaduwela",
    "course_type": "Certificate Level Courses",
    "course": "Certificate in Gemmology",
    "course_fee_display": "Registration Fee: Rs. 2,000 | Course Fee: Rs. 70,000",
    "reg_fee": "2000",
    "course_fee": "70000",
    "total_fee_display": "Total Fee: Rs. 72,000",
    "nic_passport": "200709703532",
    "education_background": "G.C.E Ordinary Level In Sri Lanka - 2023(2024)",
    "declaration": "1",
    "declaration2": "1"
}[2026-01-06 10:11:52] submit.php: POST data: {
    "name": "Yohani Abeykoon",
    "contact_number": "011234456",
    "gmail": "yohanii725@gmail.com",
    "address": "test",
    "regional_centre": "Head Office - Kaduwela",
    "course_type": "Certificate Level Courses",
    "course": "Certificate in Jewellery Manufacturing (NVQ 3)",
    "course_fee_display": "Registration Fee: Rs. 2,000 | Course Fee: Rs. 20,000",
    "reg_fee": "2000",
    "course_fee": "20000",
    "total_fee_display": "Total Fee: Rs. 22,000",
    "nic_passport": "1999999999",
    "education_background": "test",
    "declaration": "1",
    "declaration2": "1"
}[2026-01-06 16:06:45] submit.php: POST data: [][2026-01-07 12:48:00] submit.php: POST data: {
    "name": "Yohani Abeykoon",
    "contact_number": "0778439871",
    "gmail": "yohanii725@gmail.com",
    "address": "730\/2\r\nMadinnagoda",
    "regional_centre": "Head Office - Kaduwela",
    "course_type": "Certificate Level Courses",
    "course": "Certificate in Blended Gemmology",
    "course_fee_display": "Registration Fee: Rs. 2,000 | Course Fee: Rs. 70,000",
    "reg_fee": "2000",
    "course_fee": "70000",
    "total_fee_display": "Total Fee: Rs. 72,000",
    "nic_passport": "199958123456",
    "education_background": "e",
    "declaration": "1",
    "declaration2": "1"
}[2026-01-08 04:42:18] submit.php: POST data: {
    "name": "Nethumina Kavisanka Pananwala",
    "contact_number": "0776352505",
    "gmail": "nkptc4732@gmail.com",
    "address": "149\/8\/3, Kahanthota Road, Malabe",
    "regional_centre": "Head Office - Kaduwela",
    "course_type": "Diploma Level Courses",
    "course": "Diploma in Professional Gemmology (Dip. PGSL)",
    "course_fee_display": "Registration Fee: Rs. 2,000 | Course Fee: Rs. 150,000",
    "reg_fee": "2000",
    "course_fee": "150000",
    "total_fee_display": "Total Fee: Rs. 152,000",
    "nic_passport": "200014000598",
    "education_background": "BSc Engineering (Hons) in Electrical and Electronic Engineering (Sri Lanka Institute of Information Technology - Malabe)",
    "declaration": "1",
    "declaration2": "1"
}[2026-01-08 09:20:45] submit.php: POST data: {
    "name": "KURUPPU APPUHAMILAGE LAHIRU UDARA KURUPPU ",
    "contact_number": "0770630747\/0767137103",
    "gmail": "lahirukuruppu01@gmail.com",
    "address": "21\/70\/01 \r\nDADAGAMUWA \r\nVEYANGODA ",
    "regional_centre": "Head Office - Kaduwela",
    "course_type": "Certificate Level Courses",
    "course": "Certificate in Gemmology",
    "course_fee_display": "Registration Fee: Rs. 2,000 | Course Fee: Rs. 70,000",
    "reg_fee": "2000",
    "course_fee": "70000",
    "total_fee_display": "Total Fee: Rs. 72,000",
    "nic_passport": "971600691V",
    "education_background": "",
    "declaration": "1",
    "declaration2": "1"
}[2026-01-09 07:43:17] submit.php: POST data: {
    "name": "Kirumbara Liyanage Methula Binuwara",
    "contact_number": "0777212482",
    "gmail": "methulaliyanagedih@gmail.com",
    "address": "54\/B\/2,Wabeda East,Wabeda",
    "regional_centre": "Head Office - Kaduwela",
    "course_type": "Certificate Level Courses",
    "course": "Certificate in Gemmology",
    "course_fee_display": "Registration Fee: Rs. 2,000 | Course Fee: Rs. 70,000",
    "reg_fee": "2000",
    "course_fee": "70000",
    "total_fee_display": "Total Fee: Rs. 72,000",
    "nic_passport": "200632704122",
    "education_background": "Pending A\/L results",
    "declaration": "1",
    "declaration2": "1"
}[2026-01-09 10:34:00] submit.php: POST data: {
    "name": "Samarasinghe Lasangi Hiranya Samarasinghe ",
    "contact_number": "0762413329",
    "gmail": "lasangisamarasinghe@gmail.com",
    "address": "Endana road\r\nKanthi sewana, \r\nHorahinella,\r\nKahawatta.",
    "regional_centre": "Ratnapura",
    "course_type": "Certificate Level Courses",
    "course": "Certificate in Gemmology",
    "course_fee_display": "Registration Fee: Rs. 2,000 | Course Fee: Rs. 70,000",
    "reg_fee": "2000",
    "course_fee": "70000",
    "total_fee_display": "Total Fee: Rs. 72,000",
    "nic_passport": "200585701666",
    "education_background": "Appeared for the A\/L Examination in the Bio System Technology Stream in the year 2024. \r\n Science For Technology - S\r\nBio System technology - S\r\nAgriculture - S",
    "declaration": "1",
    "declaration2": "1"
}[2026-01-10 05:54:55] submit.php: POST data: {
    "name": "Yahathugoda Badalge Piyumi Mekala.",
    "contact_number": "071 1445510",
    "gmail": "y.b.piyumi.mekala@gmail.com",
    "address": "51\/2A,\r\nKoswattagoda Rd,\r\nMatugama.",
    "regional_centre": "Head Office - Kaduwela",
    "course_type": "Certificate Level Courses",
    "course": "Certificate in Computer Aided Jewellery Designing and Manufacturing (CAD\/CAM)",
    "course_fee_display": "Registration Fee: Rs. 2,000 | Course Fee: Rs. 60,000",
    "reg_fee": "2000",
    "course_fee": "60000",
    "total_fee_display": "Total Fee: Rs. 62,000",
    "nic_passport": "875971522v",
    "education_background": "- Passed GCE O\/L(2003)\r\n-Followed jewellery designing course(manual )\r\nat GJRTI (2010\/2011)",
    "declaration": "1",
    "declaration2": "1"
}[2026-01-11 06:55:36] submit.php: POST data: {
    "name": "Tharika Nethmini Athurupana",
    "contact_number": "0719035714",
    "gmail": "athurupanatharika@gmail.com",
    "address": "No.354, Rathnapura road ,\r\nThalavitiya , parakaduwa.",
    "regional_centre": "Ratnapura",
    "course_type": "Certificate Level Courses",
    "course": "Certificate in Gems and Jewellery Valuation and Marketing",
    "course_fee_display": "Registration Fee: Rs. 2,000 | Course Fee: Rs. 20,000",
    "reg_fee": "2000",
    "course_fee": "20000",
    "total_fee_display": "Total Fee: Rs. 22,000",
    "nic_passport": "199982111274",
    "education_background": "Bsc hons in biosystems engineering ",
    "declaration": "1",
    "declaration2": "1"
}[2026-01-11 09:18:01] submit.php: POST data: {
    "name": "ILANGAKOON MUDIYANSELAGE SHAVINDYA SATHSARANI ABAYARATHNE",
    "contact_number": "071 3552175",
    "gmail": "sathsaranishavindya@gmail.com",
    "address": "NO 39,\r\nNISHSHANKA MAWATHA, WAHARA,\r\nKURUNAGALA",
    "regional_centre": "Kandy",
    "course_type": "Certificate Level Courses",
    "course": "Certificate in Jewellery Manufacturing (NVQ 4)",
    "course_fee_display": "Registration Fee: Rs. 2,000 | Course Fee: Rs. 50,000",
    "reg_fee": "2000",
    "course_fee": "50000",
    "total_fee_display": "Total Fee: Rs. 52,000",
    "nic_passport": "200570404530",
    "education_background": "GCE O\/L\r\nFOUNDATION IN DESIGNING CERTIFICATION FROM NATIONAL INSTITUTE OF BUSINESS MANAGEMENT (NIBM)",
    "declaration": "1",
    "declaration2": "1"
}[2026-01-11 09:18:24] submit.php: POST data: {
    "name": "ILANGAKOON MUDIYANSELAGE SHAVINDYA SATHSARANI ABAYARATHNE",
    "contact_number": "071 3552175",
    "gmail": "sathsaranishavindya@gmail.com",
    "address": "NO 39,\r\nNISHSHANKA MAWATHA, WAHARA,\r\nKURUNAGALA",
    "regional_centre": "Kandy",
    "course_type": "Certificate Level Courses",
    "course": "Certificate in Jewellery Manufacturing (NVQ 4)",
    "course_fee_display": "Registration Fee: Rs. 2,000 | Course Fee: Rs. 50,000",
    "reg_fee": "2000",
    "course_fee": "50000",
    "total_fee_display": "Total Fee: Rs. 52,000",
    "nic_passport": "200570404530",
    "education_background": "GCE O\/L\r\nFOUNDATION IN DESIGNING CERTIFICATION FROM NATIONAL INSTITUTE OF BUSINESS MANAGEMENT (NIBM)",
    "declaration": "1",
    "declaration2": "1"
}[2026-01-11 09:22:07] submit.php: POST data: {
    "name": "ILANGAKOON MUDIYANSELAGE SHAVINDYA SATHSARANI ABAYARATHNE",
    "contact_number": "071 3552175",
    "gmail": "sathsaranishavindya@gmail.com",
    "address": "NO 39,\r\nNISHSHANKA MAWATHA, WAHARA,\r\nKURUNAGALA\r\n",
    "regional_centre": "Kandy",
    "course_type": "Certificate Level Courses",
    "course": "Certificate in Jewellery Manufacturing (NVQ 4)",
    "course_fee_display": "Registration Fee: Rs. 2,000 | Course Fee: Rs. 50,000",
    "reg_fee": "2000",
    "course_fee": "50000",
    "total_fee_display": "Total Fee: Rs. 52,000",
    "nic_passport": "200570404530",
    "education_background": "GCE O\/L\r\nFOUNDATION IN DESIGNING CERTIFICATION FROM NATIONAL INSTITUTE OF BUSINESS MANAGEMENT (NIBM)",
    "declaration": "1",
    "declaration2": "1"
}[2026-01-11 09:28:04] submit.php: POST data: {
    "name": "ILANGAKOON MUDIYANSELAGE SHAVINDYA SATHSARANI ABAYARATHNE",
    "contact_number": "071 3552175",
    "gmail": "sathsaranishavindya@gmail.com",
    "address": "NO 39,\r\nNISHSHANKA MAWATHA, WAHARA,\r\nKURUNAGALA",
    "regional_centre": "Kandy",
    "course_type": "Certificate Level Courses",
    "course": "Certificate in Jewellery Manufacturing (NVQ 4)",
    "course_fee_display": "Registration Fee: Rs. 2,000 | Course Fee: Rs. 50,000",
    "reg_fee": "2000",
    "course_fee": "50000",
    "total_fee_display": "Total Fee: Rs. 52,000",
    "nic_passport": "200570404530",
    "education_background": "GCE O\/L\r\nFOUNDATION IN DESIGNING CERTIFICATION FROM NATIONAL INSTITUTE OF BUSINESS MANAGEMENT (NIBM)",
    "declaration": "1",
    "declaration2": "1"
}[2026-01-11 09:48:22] submit.php: POST data: {
    "name": "ILANGAKOON MUDIYANSELAGE SHAVINDYA SATHSARANI ABAYARATHNE",
    "contact_number": "071 3552175",
    "gmail": "sathsaranishavindya@gmail.com",
    "address": "NO 39,\r\nNISHSHANKA MAWATHA, WAHARA,\r\nKURUNAGALA",
    "regional_centre": "Kandy",
    "course_type": "Certificate Level Courses",
    "course": "Certificate in Jewellery Manufacturing (NVQ 4)",
    "course_fee_display": "Registration Fee: Rs. 2,000 | Course Fee: Rs. 50,000",
    "reg_fee": "2000",
    "course_fee": "50000",
    "total_fee_display": "Total Fee: Rs. 52,000",
    "nic_passport": "200570404530",
    "education_background": "GCE O\/L\r\nFOUNDATION IN DESIGNING CERTIFICATION FROM NATIONAL INSTITUTE OF BUSINESS MANAGEMENT (NIBM)",
    "declaration": "1",
    "declaration2": "1"
}[2026-01-11 09:50:53] submit.php: POST data: {
    "name": "ILANGAKOON MUDIYANSELAGE SHAVINDYA SATHSARANI ABAYARATHNE",
    "contact_number": "071 3552175",
    "gmail": "sathsaranishavindya@gmail.com",
    "address": "NO 39,\r\nNISHSHANKA MAWATHA, WAHARA,\r\nKURUNAGALA",
    "regional_centre": "Kandy",
    "course_type": "Certificate Level Courses",
    "course": "Certificate in Jewellery Manufacturing (NVQ 4)",
    "course_fee_display": "Registration Fee: Rs. 2,000 | Course Fee: Rs. 50,000",
    "reg_fee": "2000",
    "course_fee": "50000",
    "total_fee_display": "Total Fee: Rs. 52,000",
    "nic_passport": "200570404530",
    "education_background": "GCE O\/L\r\nFOUNDATION IN DESIGNING CERTIFICATION FROM NATIONAL INSTITUTE OF BUSINESS MANAGEMENT (NIBM)",
    "declaration": "1",
    "declaration2": "1"
}[2026-01-11 10:05:12] submit.php: POST data: {
    "name": "ILANGAKOON MUDIYANSELAGE SHAVINDYA SATHSARANI ABAYARATHNE",
    "contact_number": "0713552175",
    "gmail": "sathsaranishavindya@gmail.com",
    "address": "NO 39, NISHSHANKA MAWATHA, WAHARA, KURUNAGALA",
    "regional_centre": "Kandy",
    "course_type": "Certificate Level Courses",
    "course": "Certificate in Jewellery Manufacturing (NVQ 4)",
    "course_fee_display": "Registration Fee: Rs. 2,000 | Course Fee: Rs. 50,000",
    "reg_fee": "2000",
    "course_fee": "50000",
    "total_fee_display": "Total Fee: Rs. 52,000",
    "nic_passport": "200570404530",
    "education_background": "GCE ORDINARY LEVEL\r\n\r\nFOUNDATION IN DESIGNING CERTIFICATION FROM NATIONAL INSTITUTE OF BUSINESS MANAGEMENT (NIBM)",
    "declaration": "1",
    "declaration2": "1"
}[2026-01-12 12:58:26] submit.php: POST data: {
    "name": "YU LE",
    "contact_number": "0772126666",
    "gmail": "9948308@qq.com",
    "address": "4th Floor, NO.481 GALLE ROAD , COLOMBO 03 .",
    "regional_centre": "Head Office - Kaduwela",
    "course_type": "International Courses",
    "course": "Gem-A Foundation Course",
    "course_fee_display": "Registration Fee: Rs. 10,000 | Course Fee: Rs. 589,567.22",
    "reg_fee": "10000",
    "course_fee": "589567.22",
    "total_fee_display": "Total Fee: Rs. 599,567.22",
    "nic_passport": "EK7160070",
    "education_background": "Bachelor of arts degree, \r\nlearned elementary course of Gems , want apply FGA certificate. ",
    "declaration": "1",
    "declaration2": "1"
}[2026-01-13 09:55:43] submit.php: POST data: {
    "name": "Vimukthi Guruge",
    "contact_number": "0775720160",
    "gmail": "gurugev@gmail.com",
    "address": "17, Summer City\r\nPathana, Hikkaduwa",
    "regional_centre": "Head Office - Kaduwela",
    "course_type": "Certificate Level Courses",
    "course": "Certificate in Gems and Jewellery Valuation and Marketing",
    "course_fee_display": "Registration Fee: Rs. 2,000 | Course Fee: Rs. 20,000",
    "reg_fee": "2000",
    "course_fee": "20000",
    "total_fee_display": "Total Fee: Rs. 22,000",
    "nic_passport": "N8849533",
    "education_background": "MBA in Business Analytics (Reading), BSc in Software Engineering",
    "declaration": "1",
    "declaration2": "1"
}[2026-01-13 19:08:43] submit.php: POST data: {
    "name": "Hapugoda Arachchi Kankanamge prabodha Nilani",
    "contact_number": "0767887345",
    "gmail": "www.praprabodhanilani@gmail.com",
    "address": "No 135\r\nMaithrigama \r\nHambantota ",
    "regional_centre": "Head Office - Kaduwela",
    "course_type": "Certificate Level Courses",
    "course": "Certificate in Gem Cutting and Polishing (Weekend)",
    "course_fee_display": "Registration Fee: Rs. 2,000 | Course Fee: Rs. 35,000",
    "reg_fee": "2000",
    "course_fee": "35000",
    "total_fee_display": "Total Fee: Rs. 37,000",
    "nic_passport": "927162130v",
    "education_background": "",
    "declaration": "1",
    "declaration2": "1"
}[2026-01-14 02:02:04] submit.php: POST data: {
    "name": "Hapugoda Arachchi Kankanamge Prabodha Nilani",
    "contact_number": "0767887345",
    "gmail": "www.prabodahapugoda@gmail.com",
    "address": "135 Maithrigama \r\nHambantota",
    "regional_centre": "Head Office - Kaduwela",
    "course_type": "Certificate Level Courses",
    "course": "Certificate in Geuda Heat Treatment",
    "course_fee_display": "Registration Fee: Rs. 2,000 | Course Fee: Rs. 55,000",
    "reg_fee": "2000",
    "course_fee": "55000",
    "total_fee_display": "Total Fee: Rs. 57,000",
    "nic_passport": "927162130V",
    "education_background": "",
    "declaration": "1",
    "declaration2": "1"
}[2026-01-14 02:05:03] submit.php: POST data: {
    "name": "Hapugoda Arachchi Kankanamge Prabodha Nilani",
    "contact_number": "0767887345",
    "gmail": "www.prabodahapugoda@gmail.com",
    "address": "135 Maithrigama\r\nHambantota",
    "regional_centre": "Head Office - Kaduwela",
    "course_type": "Certificate Level Courses",
    "course": "Certificate in Basic Gemmology",
    "course_fee_display": "Registration Fee: Rs. 2,000 | Course Fee: Rs. 50,000",
    "reg_fee": "2000",
    "course_fee": "50000",
    "total_fee_display": "Total Fee: Rs. 52,000",
    "nic_passport": "927162130V",
    "education_background": "",
    "declaration": "1",
    "declaration2": "1"
}[2026-01-14 12:35:37] submit.php: POST data: {
    "name": "kalpa Liyanaarachchi",
    "contact_number": "0759985201",
    "gmail": "waseerkaliya@gmail.com",
    "address": "364\/14, Arawwala Road,Pannipitiya",
    "regional_centre": "Head Office - Kaduwela",
    "course_type": "Certificate Level Courses",
    "course": "Certificate in Gemmology",
    "course_fee_display": "Registration Fee: Rs. 2,000 | Course Fee: Rs. 70,000",
    "reg_fee": "2000",
    "course_fee": "70000",
    "total_fee_display": "Total Fee: Rs. 72,000",
    "nic_passport": "N10269577",
    "education_background": "Bachelor of Software Engineering",
    "declaration": "1",
    "declaration2": "1"
}[2026-01-15 14:38:25] submit.php: POST data: {
    "name": "Karunanayakage Tharindi Nishamini Dissanayaka",
    "contact_number": "0714323627",
    "gmail": "tharindidissanayaka2@gmail.com",
    "address": "E 264\/1,Koongahagodawatta,Nikapitiya,Ussapitiya.",
    "regional_centre": "Head Office - Kaduwela",
    "course_type": "Certificate Level Courses",
    "course": "Certificate in Computer Aided Jewellery Designing and Manufacturing (CAD\/CAM)",
    "course_fee_display": "Registration Fee: Rs. 2,000 | Course Fee: Rs. 60,000",
    "reg_fee": "2000",
    "course_fee": "60000",
    "total_fee_display": "Total Fee: Rs. 62,000",
    "nic_passport": "200278100808",
    "education_background": "University of Kelaniya -BA(Hons)  International Studies (3 year) 2023 - present\r\n\r\nPassed G.C.E A\/L Examination (Art Scheme)  2021(2022)\r\nArt -A\r\nMedia-A\r\nSinhala-A\r\n \r\nVocational Training Authority (VT A)-NVQ Level 3 Draughtsperson course\r\n\r\n Basic Course in CorelDRAW -Wijeya Graphics(pvt) Ltd.\r\nBasic Course in Graphic Designing-Wijeya Graphics(pvt) Ltd.\r\n \r\nDiploma in Psychology and Counselling (Reading) \u2013 LPEC\r\nCampus\r\n",
    "declaration": "1",
    "declaration2": "1"
}[2026-01-16 04:28:22] submit.php: POST data: {
    "name": "Maheem Bandara Mudiyanselage Kasun Shameera Godigamuwa ",
    "contact_number": "0715808163",
    "gmail": "ksngodigamuwa@gmail.com",
    "address": "Polkoratuwa,\r\nMalwaththa,\r\nGodakawela",
    "regional_centre": "Ratnapura",
    "course_type": "Certificate Level Courses",
    "course": "Certificate in Gems and Jewellery Valuation and Marketing",
    "course_fee_display": "Registration Fee: Rs. 2,000 | Course Fee: Rs. 20,000",
    "reg_fee": "2000",
    "course_fee": "20000",
    "total_fee_display": "Total Fee: Rs. 22,000",
    "nic_passport": "880894609v",
    "education_background": "B.Sc. Chemistry \r\nM.Sc. in Analytical Chemistry\r\nPh.D. in Biochemical Engineering ",
    "declaration": "1",
    "declaration2": "1"
}[2026-01-16 05:57:43] submit.php: POST data: {
    "name": "Joe Khadhaffi Lesley George",
    "contact_number": "0767624477",
    "gmail": "khadhaff@yahoo.com",
    "address": "72 Kurunduwatta Lane\r\nNawala",
    "regional_centre": "Ratnapura",
    "course_type": "Certificate Level Courses",
    "course": "Certificate in Geuda Heat Treatment",
    "course_fee_display": "Registration Fee: Rs. 2,000 | Course Fee: Rs. 55,000",
    "reg_fee": "2000",
    "course_fee": "55000",
    "total_fee_display": "Total Fee: Rs. 57,000",
    "nic_passport": "783272580V",
    "education_background": "MSC IT\/ Foundation of Gemmology ",
    "declaration": "1",
    "declaration2": "1"
}[2026-01-18 03:05:30] submit.php: POST data: {
    "name": "ARR Kareem",
    "contact_number": "0774244462",
    "gmail": "rizaulkareem07@gmail.com",
    "address": "56,\r\nGalagedara,\r\nPadukka.",
    "regional_centre": "Head Office - Kaduwela",
    "course_type": "Certificate Level Courses",
    "course": "Certificate in Gem Cutting and Polishing (NVQ 4)",
    "course_fee_display": "Registration Fee: Rs. 2,000 | Course Fee: Rs. 45,000",
    "reg_fee": "2000",
    "course_fee": "45000",
    "total_fee_display": "Total Fee: Rs. 47,000",
    "nic_passport": "960700392V",
    "education_background": "O\/L\r\nA\/L\r\nDiploma FIATA\r\nDiploma in Gemology (IGA)",
    "declaration": "1",
    "declaration2": "1"
}[2026-01-18 14:42:42] submit.php: POST data: {
    "name": "vihan nadith pattividhana",
    "contact_number": "0763254372",
    "gmail": "vihanpattividhana@gmail.com",
    "address": " No 3,\r\n batagolla , \r\n yakkala",
    "regional_centre": "Head Office - Kaduwela",
    "course_type": "International Courses",
    "course": "Gem-A Foundation Course",
    "course_fee_display": "Registration Fee: Rs. 10,000 | Course Fee: Rs. 589,567.22",
    "reg_fee": "10000",
    "course_fee": "589567.22",
    "total_fee_display": "Total Fee: Rs. 599,567.22",
    "nic_passport": "200118003941",
    "education_background": "Done up to advance level in english medium \r\nDone a trading gemology course ",
    "declaration": "1",
    "declaration2": "1"
}[2026-01-18 14:46:27] submit.php: POST data: {
    "name": "vihan nadith pattividhana",
    "contact_number": "0763254372",
    "gmail": "vihanpattividhana@gmail.com",
    "address": "No 3 , batagolla ,yakkala",
    "regional_centre": "Head Office - Kaduwela",
    "course_type": "International Courses",
    "course": "Gem-A Foundation Course",
    "course_fee_display": "Registration Fee: Rs. 10,000 | Course Fee: Rs. 589,567.22",
    "reg_fee": "10000",
    "course_fee": "589567.22",
    "total_fee_display": "Total Fee: Rs. 599,567.22",
    "nic_passport": "200118003941",
    "education_background": "Done up to a\/l (English medium)\r\n",
    "declaration": "1",
    "declaration2": "1"
}[2026-01-19 07:39:45] submit.php: POST data: {
    "name": "Sajani Herath menike",
    "contact_number": "0773637647",
    "gmail": "sajaaniherath@hmail.com",
    "address": "1 pannipitiya road Battaramulla ",
    "regional_centre": "Head Office - Kaduwela",
    "course_type": "Certificate Level Courses",
    "course": "Certificate in Gem Cutting and Polishing (NVQ 4)",
    "course_fee_display": "Registration Fee: Rs. 2,000 | Course Fee: Rs. 45,000",
    "reg_fee": "2000",
    "course_fee": "45000",
    "total_fee_display": "Total Fee: Rs. 47,000",
    "nic_passport": "957740189V",
    "education_background": "MA ",
    "declaration": "1",
    "declaration2": "1"
}[2026-01-19 12:03:48] submit.php: POST data: {
    "name": "Brahmanage Don Harshana Hasintha Pasqual",
    "contact_number": "0719140972",
    "gmail": "pasqual2001h@gmail.com",
    "address": "No. 255, \r\nGalewela",
    "regional_centre": "Head Office - Kaduwela",
    "course_type": "Certificate Level Courses",
    "course": "Certificate in Basic Gemmology",
    "course_fee_display": "Registration Fee: Rs. 2,000 | Course Fee: Rs. 50,000",
    "reg_fee": "2000",
    "course_fee": "50000",
    "total_fee_display": "Total Fee: Rs. 52,000",
    "nic_passport": "200131202461",
    "education_background": "Undergraduate - BBA (Hons) in Accounting and Finance",
    "declaration": "1",
    "declaration2": "1"
}[2026-01-19 12:25:37] submit.php: POST data: {
    "name": "Brahmanage Don Harshana Hasintha Pasqual ",
    "contact_number": "0719140972",
    "gmail": "Pasqual2001h@gmail.com",
    "address": "No. 255,\r\nGalewela.\r\n",
    "regional_centre": "Head Office - Kaduwela",
    "course_type": "Certificate Level Courses",
    "course": "Certificate in Basic Gemmology",
    "course_fee_display": "Registration Fee: Rs. 2,000 | Course Fee: Rs. 50,000",
    "reg_fee": "2000",
    "course_fee": "50000",
    "total_fee_display": "Total Fee: Rs. 52,000",
    "nic_passport": "200131202461",
    "education_background": "Undergraduate - BBA (Hons) in Accounting and Finance ",
    "declaration": "1",
    "declaration2": "1"
}[2026-01-19 14:49:34] submit.php: POST data: {
    "name": "Kesaru gunawardane ",
    "contact_number": "0713298060",
    "gmail": "kesaru789@gmail.com",
    "address": "No 01 \r\nBogaspitiya \r\nBadulla",
    "regional_centre": "Head Office - Kaduwela",
    "course_type": "Certificate Level Courses",
    "course": "Certificate in Geuda Heat Treatment",
    "course_fee_display": "Registration Fee: Rs. 2,000 | Course Fee: Rs. 55,000",
    "reg_fee": "2000",
    "course_fee": "55000",
    "total_fee_display": "Total Fee: Rs. 57,000",
    "nic_passport": "1997",
    "education_background": "Pass AL",
    "declaration": "1",
    "declaration2": "1"
}[2026-01-19 14:51:36] submit.php: POST data: {
    "name": "Kesaru gunawardane ",
    "contact_number": "0713298060",
    "gmail": "kesaru789@gmail.com",
    "address": "No 01 \r\nBogaspitiya \r\nBadulla",
    "regional_centre": "Head Office - Kaduwela",
    "course_type": "Certificate Level Courses",
    "course": "Certificate in Geuda Heat Treatment",
    "course_fee_display": "Registration Fee: Rs. 2,000 | Course Fee: Rs. 55,000",
    "reg_fee": "2000",
    "course_fee": "55000",
    "total_fee_display": "Total Fee: Rs. 57,000",
    "nic_passport": "199715901706",
    "education_background": "Pass AL",
    "declaration": "1",
    "declaration2": "1"
}[2026-01-20 05:32:36] submit.php: POST data: {
    "name": "Gayan Dhanushka Tennakoon",
    "contact_number": "0702272687",
    "gmail": "tenako@outlook.com",
    "address": "64 Main St, Battaramulla",
    "regional_centre": "Head Office - Kaduwela",
    "course_type": "Diploma Level Courses",
    "course": "Diploma in Professional Gemmology (Dip. PGSL)",
    "course_fee_display": "Registration Fee: Rs. 2,000 | Course Fee: Rs. 150,000",
    "reg_fee": "2000",
    "course_fee": "150000",
    "total_fee_display": "Total Fee: Rs. 152,000",
    "nic_passport": "842241845v",
    "education_background": "Bachelor of Computer applications, Post graduate certificate computer science ",
    "declaration": "1",
    "declaration2": "1"
}[2026-01-20 17:41:19] submit.php: POST data: {
    "name": "Abu Bakker mohomad Arshath",
    "contact_number": "0764293938",
    "gmail": "ash0764293938@gmail.com",
    "address": ":* No. 27, Widuhalpathana, Kabillewela South, Bandarawela  ",
    "regional_centre": "Badulla",
    "course_type": "Certificate Level Courses",
    "course": "Certificate in Gem Cutting and Polishing (NVQ 3)",
    "course_fee_display": "Registration Fee: Rs. 2,000 | Course Fee: Rs. 35,000",
    "reg_fee": "2000",
    "course_fee": "35000",
    "total_fee_display": "Total Fee: Rs. 37,000",
    "nic_passport": "199919302542",
    "education_background": "O\/l \r\nAutomobile NVQ 4",
    "declaration": "1",
    "declaration2": "1"
}[2026-01-20 17:49:10] submit.php: POST data: {
    "name": "Mohomad Arshath",
    "contact_number": "0764293938",
    "gmail": "ash0764293938@gmail.com",
    "address": " No. 27, Widuhalpathana, Kabillewela South, Bandarawela  ",
    "regional_centre": "Badulla",
    "course_type": "Certificate Level Courses",
    "course": "Certificate in Gem Cutting and Polishing (NVQ 3)",
    "course_fee_display": "Registration Fee: Rs. 2,000 | Course Fee: Rs. 35,000",
    "reg_fee": "2000",
    "course_fee": "35000",
    "total_fee_display": "Total Fee: Rs. 37,000",
    "nic_passport": "199919302542",
    "education_background": "",
    "declaration": "1",
    "declaration2": "1"
}[2026-01-21 16:45:06] submit.php: POST data: {
    "name": "AVILIKARA GALAPPATTIGE PRIYANTHI ARUNA KAPUKOTUWA",
    "contact_number": "0740085003",
    "gmail": "rasialwis@yahoo.com",
    "address": "174\/10 Temple Road Thalapatpitiya Nugegoda",
    "regional_centre": "Head Office - Kaduwela",
    "course_type": "Certificate Level Courses",
    "course": "Certificate in Gemmology",
    "course_fee_display": "Registration Fee: Rs. 2,000 | Course Fee: Rs. 70,000",
    "reg_fee": "2000",
    "course_fee": "70000",
    "total_fee_display": "Total Fee: Rs. 72,000",
    "nic_passport": "666623304V",
    "education_background": "GCE O\/L",
    "declaration": "1",
    "declaration2": "1"
}[2026-01-21 16:48:20] submit.php: POST data: {
    "name": "AVILIKARA GALAPPATTIGE PRIYANTHI ARUNA KAPUKOTUWA",
    "contact_number": "0740085003",
    "gmail": "rasialwis@yahoo.com",
    "address": "174\/10 Temple Road Thalapatpitiya Nugegoda",
    "regional_centre": "Head Office - Kaduwela",
    "course_type": "Certificate Level Courses",
    "course": "Certificate in Gemmology",
    "course_fee_display": "Registration Fee: Rs. 2,000 | Course Fee: Rs. 70,000",
    "reg_fee": "2000",
    "course_fee": "70000",
    "total_fee_display": "Total Fee: Rs. 72,000",
    "nic_passport": "666623304V",
    "education_background": "GCE O\/L",
    "declaration": "1",
    "declaration2": "1"
}[2026-01-21 16:57:38] submit.php: POST data: {
    "name": "AVILIKARA GALAPPATTIGE PRIYANTHI ARUNA KAPUKOTUWA",
    "contact_number": "0740085003",
    "gmail": "rasialwis@yahoo.com",
    "address": "174\/10 Temple Road Thalapathpitiya Nugegoda",
    "regional_centre": "Head Office - Kaduwela",
    "course_type": "Certificate Level Courses",
    "course": "Certificate in Gemmology",
    "course_fee_display": "Registration Fee: Rs. 2,000 | Course Fee: Rs. 70,000",
    "reg_fee": "2000",
    "course_fee": "70000",
    "total_fee_display": "Total Fee: Rs. 72,000",
    "nic_passport": "666623304V",
    "education_background": "GCE O\/L",
    "declaration": "1",
    "declaration2": "1"
}[2026-01-22 06:18:08] submit.php: POST data: {
    "name": "Tuwan Schareem",
    "contact_number": "0743067466",
    "gmail": "schareem69@gmail.com",
    "address": "40A 7\/7 Metro Homes Malay Street Colombo 02",
    "regional_centre": "Maradana",
    "course_type": "Certificate Level Courses",
    "course": "Certificate in Gem Cutting and Polishing (NVQ 4)",
    "course_fee_display": "Registration Fee: Rs. 2,000 | Course Fee: Rs. 45,000",
    "reg_fee": "2000",
    "course_fee": "45000",
    "total_fee_display": "Total Fee: Rs. 47,000",
    "nic_passport": "200421001260",
    "education_background": "Ordinary Level 5A (Including Mathematics and English )2B 2C\r\nAdvanced Level 1A 1B 1C Commerce Stream ",
    "declaration": "1",
    "declaration2": "1"
}[2026-01-22 13:55:30] submit.php: POST data: {
    "name": "Arama Beligodagedara Chanuka Akila Beligodagedara",
    "contact_number": "075 7351715",
    "gmail": "akilac769@gmail.com",
    "address": "NO; 202,\r\nManikkawa,\r\nBambaragahaella,\r\nGampola.",
    "regional_centre": "Head Office - Kaduwela",
    "course_type": "Diploma Level Courses",
    "course": "Diploma in Jewellery Manufacturing and Designing Technology (NVQ 5)\/ Diploma in Professional Jewellery (Dip. PJSL)",
    "course_fee_display": "Registration Fee: Rs. 2,000 | Course Fee: Rs. 125,000",
    "reg_fee": "2000",
    "course_fee": "125000",
    "total_fee_display": "Total Fee: Rs. 127,000",
    "nic_passport": "980703070V",
    "education_background": "Passed the G.C.E. A\/L in the Commerce stream.",
    "declaration": "1",
    "declaration2": "1"
}[2026-01-23 00:31:24] submit.php: POST data: {
    "name": "H A Rasith Nadeeshan",
    "contact_number": "0761721509",
    "gmail": "rasithnadeeshan486@gmail.com",
    "address": "No 213 pallemulla halloluwa kandy",
    "regional_centre": "Head Office - Kaduwela",
    "course_type": "Diploma Level Courses",
    "course": "Diploma in Professional Gemmology (Dip. PGSL)",
    "course_fee_display": "Registration Fee: Rs. 2,000 | Course Fee: Rs. 150,000",
    "reg_fee": "2000",
    "course_fee": "150000",
    "total_fee_display": "Total Fee: Rs. 152,000",
    "nic_passport": "200228202123",
    "education_background": "*GCE Advanced Level (A\/L) \u2013 3 Passes \r\n*Followed certificate course in Basic Gemmology(Institute: Gem & Jewellery Research and Trainin)",
    "declaration": "1",
    "declaration2": "1"
}[2026-01-23 00:35:13] submit.php: POST data: {
    "name": "H A Rasith Nadeeshan",
    "contact_number": "0761721509",
    "gmail": "rasithnadeeshan486@gmail.com",
    "address": "No 213 pallemulla halloluwa kandy",
    "regional_centre": "Head Office - Kaduwela",
    "course_type": "Diploma Level Courses",
    "course": "Diploma in Professional Gemmology (Dip. PGSL)",
    "course_fee_display": "Registration Fee: Rs. 2,000 | Course Fee: Rs. 150,000",
    "reg_fee": "2000",
    "course_fee": "150000",
    "total_fee_display": "Total Fee: Rs. 152,000",
    "nic_passport": "200228202123",
    "education_background": "*GCE Advanced Level (A\/L) \u2013 3 Passes \r\n*Followed certificate course in Basic Gemmology(Institute: Gem & Jewellery Research and Trainin)",
    "declaration": "1",
    "declaration2": "1"
}[2026-01-24 05:15:15] submit.php: POST data: {
    "name": "S.Lasangi Hiranya Samarasinghe ",
    "contact_number": "0762413329",
    "gmail": "lasangisamarasinghe@gmail.com",
    "address": "Kanthi Sewana, Horahinella, Kahawatta",
    "regional_centre": "Ratnapura",
    "course_type": "Certificate Level Courses",
    "course": "Certificate in Gemmology",
    "course_fee_display": "Registration Fee: Rs. 2,000 | Course Fee: Rs. 70,000",
    "reg_fee": "2000",
    "course_fee": "70000",
    "total_fee_display": "Total Fee: Rs. 72,000",
    "nic_passport": "200585701666",
    "education_background": "Successfully Done by A\/L in Biosystem Technology stream ",
    "declaration": "1",
    "declaration2": "1"
}[2026-01-25 04:34:58] submit.php: POST data: {
    "name": "Adhikari Pelige Sameera Kantha Gunasekara",
    "contact_number": "0716817020",
    "gmail": "gunasekarask@gmail.com",
    "address": "No.152, Wathupitiwala , Nittambuwa",
    "regional_centre": "Head Office - Kaduwela",
    "course_type": "Certificate Level Courses",
    "course": "Certificate in Gem Cutting and Polishing (Weekend)",
    "course_fee_display": "Registration Fee: Rs. 2,000 | Course Fee: Rs. 35,000",
    "reg_fee": "2000",
    "course_fee": "35000",
    "total_fee_display": "Total Fee: Rs. 37,000",
    "nic_passport": "893073868V",
    "education_background": "B.Sc.Eng (Hons. University of Peradeniya)",
    "declaration": "1",
    "declaration2": "1"
}[2026-01-25 04:39:35] submit.php: POST data: {
    "name": "Adhikari Pelige Sameera Kantha Gunasekara",
    "contact_number": "0716817020",
    "gmail": "gunasekarask@gmail.com",
    "address": "152, Wathupitiwala, Nittambuwa",
    "regional_centre": "Head Office - Kaduwela",
    "course_type": "Certificate Level Courses",
    "course": "Certificate in Gem Cutting and Polishing (10 DAYS)",
    "course_fee_display": "Registration Fee: Rs. 2,000 | Course Fee: Rs. 14,000",
    "reg_fee": "2000",
    "course_fee": "14000",
    "total_fee_display": "Total Fee: Rs. 16,000",
    "nic_passport": "893073868V",
    "education_background": "Bsc.Eng (Hons.)",
    "declaration": "1",
    "declaration2": "1"
}[2026-03-03 18:22:48] submit.php: POST data: {
    "name": "Hanan Husaiin Ibrahim",
    "contact_number": "0750949162",
    "gmail": "hananhusainibrahim22@gmail.com",
    "address": "38\/3d Kuda Buthgamuwa Road, kotikawatte ",
    "regional_centre": "Head Office - Kaduwela",
    "course_type": "Certificate Level Courses",
    "course": "Certificate in Jewellery Manufacturing (NVQ 3)",
    "course_fee_display": "Registration Fee: Rs. 2,000 | Course Fee: Rs. 20,000",
    "reg_fee": "2000",
    "course_fee": "20000",
    "total_fee_display": "Total Fee: Rs. 22,000",
    "nic_passport": "200507500197",
    "education_background": "Dimploma in cyber security",
    "declaration": "1",
    "declaration2": "1"
}[2026-03-04 04:19:24] submit.php: POST data: {
    "name": "Rajitha Pethiyagoda",
    "contact_number": "0776846400",
    "gmail": "rajitha.pethiyagoda@gmail.com",
    "address": "38\/23, Anniwatte",
    "regional_centre": "Head Office - Kaduwela",
    "course_type": "Certificate Level Courses",
    "course": "Certificate in Basic Gemmology",
    "course_fee_display": "Registration Fee: Rs. 2,000 | Course Fee: Rs. 50,000",
    "reg_fee": "2000",
    "course_fee": "50000",
    "total_fee_display": "Total Fee: Rs. 52,000",
    "nic_passport": "911033259v ",
    "education_background": "",
    "declaration": "1",
    "declaration2": "1"
}[2026-03-04 04:22:41] submit.php: POST data: {
    "name": "Rajitha Pethiyagoda",
    "contact_number": "0776846400",
    "gmail": "rajitha.pethiyagoda@gmail.com",
    "address": "38\/23, Anniwatte",
    "regional_centre": "Head Office - Kaduwela",
    "course_type": "Certificate Level Courses",
    "course": "Certificate in Basic Gemmology",
    "course_fee_display": "Registration Fee: Rs. 2,000 | Course Fee: Rs. 50,000",
    "reg_fee": "2000",
    "course_fee": "50000",
    "total_fee_display": "Total Fee: Rs. 52,000",
    "nic_passport": "911033259v ",
    "education_background": "",
    "declaration": "1",
    "declaration2": "1"
}[2026-03-04 15:51:01] submit.php: POST data: [][2026-03-09 04:53:32] submit.php: POST data: {
    "name": "Wenushka Mallikarachchi",
    "contact_number": "0771363694",
    "gmail": "wenushka18273@gmail.com",
    "address": "498\/3,Siyambalape road,Heiyanthuduwa",
    "regional_centre": "Head Office - Kaduwela",
    "course_type": "Certificate Level Courses",
    "course": "Certificate in Basic Gemmology",
    "course_fee_display": "Registration Fee: Rs. 2,000 | Course Fee: Rs. 50,000",
    "reg_fee": "2000",
    "course_fee": "50000",
    "total_fee_display": "Total Fee: Rs. 52,000",
    "nic_passport": "982842468v",
    "education_background": "I have completed a BSc in Computer Science at IIT and am currently working as a Senior UI\/UX Designer.",
    "declaration": "1",
    "declaration2": "1"
}[2026-03-09 04:54:10] submit.php: POST data: {
    "name": "Wenushka Mallikarachchi",
    "contact_number": "0771363694",
    "gmail": "wenushka18273@gmail.com",
    "address": "498\/3,Siyambalape road,Heiyanthuduwa",
    "regional_centre": "Head Office - Kaduwela",
    "course_type": "Certificate Level Courses",
    "course": "Certificate in Basic Gemmology",
    "course_fee_display": "Registration Fee: Rs. 2,000 | Course Fee: Rs. 50,000",
    "reg_fee": "2000",
    "course_fee": "50000",
    "total_fee_display": "Total Fee: Rs. 52,000",
    "nic_passport": "982842468v",
    "education_background": "I have completed a BSc in Computer Science at IIT and am currently working as a Senior UI\/UX Designer.",
    "declaration": "1",
    "declaration2": "1"
}[2026-03-12 15:36:46] submit.php: POST data: {
    "name": "Narasinha Keshara Bandaralage Lahiru suraj",
    "contact_number": "071 456 6852",
    "gmail": "surajnarasingha47@gmail.com",
    "address": "Nitalawa,\r\nMakulawe,\r\nGalgamuwa.",
    "regional_centre": "Attanagalla",
    "course_type": "Certificate Level Courses",
    "course": "Certificate in Jewellery Manufacturing (NVQ 3)",
    "course_fee_display": "Registration Fee: Rs. 2,000 | Course Fee: Rs. 20,000",
    "reg_fee": "2000",
    "course_fee": "20000",
    "total_fee_display": "Total Fee: Rs. 22,000",
    "nic_passport": "200102301243",
    "education_background": "O\/L pass",
    "declaration": "1",
    "declaration2": "1"
}[2026-03-12 18:43:01] submit.php: POST data: {
    "name": "Narasingha keshara bandaralage lahiru suraj bandara",
    "contact_number": "0714566852",
    "gmail": "surajnarasingha47@gmail.com",
    "address": "nithalawa makulawa galgamuwa ",
    "regional_centre": "Head Office - Kaduwela",
    "course_type": "Certificate Level Courses",
    "course": "Certificate in Basic Gemmology",
    "course_fee_display": "Registration Fee: Rs. 2,000 | Course Fee: Rs. 50,000",
    "reg_fee": "2000",
    "course_fee": "50000",
    "total_fee_display": "Total Fee: Rs. 52,000",
    "nic_passport": "200102301243",
    "education_background": "O\/l pass",
    "declaration": "1",
    "declaration2": "1"
}[2026-03-12 18:49:22] submit.php: POST data: {
    "name": "Narasingha keshara bandaralage lahiru suraj bandara",
    "contact_number": "0714566852",
    "gmail": "surajnarasingha47@gmail.com",
    "address": "nithalawa makulawa galgamuwa ",
    "regional_centre": "Head Office - Kaduwela",
    "course_type": "Certificate Level Courses",
    "course": "Certificate in Basic Gemmology",
    "course_fee_display": "Registration Fee: Rs. 2,000 | Course Fee: Rs. 50,000",
    "reg_fee": "2000",
    "course_fee": "50000",
    "total_fee_display": "Total Fee: Rs. 52,000",
    "nic_passport": "200102301243",
    "education_background": "O\/L pass",
    "declaration": "1",
    "declaration2": "1"
}[2026-03-13 04:07:55] submit.php: POST data: {
    "name": "Narasinha Keshara Bandaralage Lahiru suraj",
    "contact_number": "071 456 6852",
    "gmail": "surajnarasingha47@gmail.com",
    "address": "Nitalawa, \r\nMakulawe,\r\nGalgamuwa.",
    "regional_centre": "Head Office - Kaduwela",
    "course_type": "Certificate Level Courses",
    "course": "Certificate in Basic Gemmology",
    "course_fee_display": "Registration Fee: Rs. 2,000 | Course Fee: Rs. 50,000",
    "reg_fee": "2000",
    "course_fee": "50000",
    "total_fee_display": "Total Fee: Rs. 52,000",
    "nic_passport": "200102301243",
    "education_background": "O\/L Pass",
    "declaration": "1",
    "declaration2": "1"
}[2026-03-13 10:37:57] submit.php: POST data: {
    "name": "Ahamed Hafeel",
    "contact_number": "0755060110",
    "gmail": "ahamedhafeel29@gmail.com",
    "address": "",
    "regional_centre": "Head Office - Kaduwela",
    "course_type": "Certificate Level Courses",
    "course": "Certificate in Gemmology",
    "course_fee_display": "Registration Fee: Rs. 2,000 | Course Fee: Rs. 70,000",
    "reg_fee": "2000",
    "course_fee": "70000",
    "total_fee_display": "Total Fee: Rs. 72,000",
    "nic_passport": "200436404187",
    "education_background": "",
    "declaration": "1",
    "declaration2": "1"
}[2026-03-13 14:03:54] submit.php: POST data: {
    "name": "Kavishka Supun",
    "contact_number": "0750632505",
    "gmail": "skavishka393@gmail.com",
    "address": "104\/A Alapalawala Handessa ",
    "regional_centre": "Kandy",
    "course_type": "Certificate Level Courses",
    "course": "Certificate in Jewellery Manufacturing (NVQ 4)",
    "course_fee_display": "Registration Fee: Rs. 2,000 | Course Fee: Rs. 50,000",
    "reg_fee": "2000",
    "course_fee": "50000",
    "total_fee_display": "Total Fee: Rs. 52,000",
    "nic_passport": "200431601194",
    "education_background": "Advanced level",
    "declaration": "1",
    "declaration2": "1"
}[2026-03-14 07:42:42] submit.php: POST data: {
    "name": "Manikkuwadura Vishwa Rameeda De Silva",
    "contact_number": "0717677443",
    "gmail": "vishwarameeda@gmail.com",
    "address": "04, Ganegoda, Rathgama",
    "regional_centre": "Head Office - Kaduwela",
    "course_type": "Certificate Level Courses",
    "course": "Certificate in Basic Gemmology",
    "course_fee_display": "Registration Fee: Rs. 2,000 | Course Fee: Rs. 50,000",
    "reg_fee": "2000",
    "course_fee": "50000",
    "total_fee_display": "Total Fee: Rs. 52,000",
    "nic_passport": "892903344V",
    "education_background": "I am a graduate from SLIIT with a BSc (Hons) in Information Technology, and currently working as an Engineer.",
    "declaration": "1",
    "declaration2": "1"
}[2026-03-14 18:01:00] submit.php: POST data: {
    "name": "Mohan Philaman",
    "contact_number": "0757281155",
    "gmail": "allenphilaman07@gmail.com",
    "address": "1B\/F11\/U03 siyapath sewana housing scheme, Colombo 09",
    "regional_centre": "Head Office - Kaduwela",
    "course_type": "Certificate Level Courses",
    "course": "Certificate in Gemmology",
    "course_fee_display": "Registration Fee: Rs. 2,000 | Course Fee: Rs. 70,000",
    "reg_fee": "2000",
    "course_fee": "70000",
    "total_fee_display": "Total Fee: Rs. 72,000",
    "nic_passport": "199625102798",
    "education_background": "Completed O\/L & A\/L",
    "declaration": "1",
    "declaration2": "1"
}[2026-03-14 18:04:38] submit.php: POST data: {
    "name": "Mohan Philaman",
    "contact_number": "0757281155",
    "gmail": "allenphilaman07@gmail.com",
    "address": "1B\/F11\/U03 , siyapath sewana housing scheme , Colombo 09",
    "regional_centre": "Head Office - Kaduwela",
    "course_type": "Certificate Level Courses",
    "course": "Certificate in Gemmology",
    "course_fee_display": "Registration Fee: Rs. 2,000 | Course Fee: Rs. 70,000",
    "reg_fee": "2000",
    "course_fee": "70000",
    "total_fee_display": "Total Fee: Rs. 72,000",
    "nic_passport": "199625102798",
    "education_background": "Completed O\/L & A\/L",
    "declaration": "1",
    "declaration2": "1"
}[2026-03-16 20:26:58] submit.php: POST data: {
    "name": "DHARMASIRI PATABANDIGE RAJITHA MADURANGA ARIYADASA ",
    "contact_number": "0702578698",
    "gmail": "raji.maduranga@gmail.com",
    "address": "NO. 218, BANDARANAYAKE MAWATHA, WERAHERA, BORALESGAMUWA.",
    "regional_centre": "Head Office - Kaduwela",
    "course_type": "Diploma Level Courses",
    "course": "Diploma in Professional Gemmology (Dip. PGSL)",
    "course_fee_display": "Registration Fee: Rs. 2,000 | Course Fee: Rs. 150,000",
    "reg_fee": "2000",
    "course_fee": "150000",
    "total_fee_display": "Total Fee: Rs. 152,000",
    "nic_passport": "911580772V",
    "education_background": "B.Sc. Entrepreneurship (Special) Degree - University of Sri Jayewardenepura",
    "declaration": "1",
    "declaration2": "1"
}[2026-03-17 09:08:10] submit.php: POST data: {
    "name": "SAMARASUNDARA SENEVIRATHNA MUHANDIRAMGE MALINDU NIMANTHA SENEVIRATHNA",
    "contact_number": "0770497491",
    "gmail": "malindus007@gmail.com",
    "address": "No,83 Wawanahena,Katukurunda,Henegama (W,P)",
    "regional_centre": "Head Office - Kaduwela",
    "course_type": "Certificate Level Courses",
    "course": "Certificate in Gemmology",
    "course_fee_display": "Registration Fee: Rs. 2,000 | Course Fee: Rs. 70,000",
    "reg_fee": "2000",
    "course_fee": "70000",
    "total_fee_display": "Total Fee: Rs. 72,000",
    "nic_passport": "921770456V",
    "education_background": "Master Business Administration",
    "declaration": "1",
    "declaration2": "1"
}[2026-03-18 06:54:13] submit.php: POST data: {
    "name": "UDUWAKA HEWAGE PASINDU HANSAKA KARUNARATHNA ",
    "contact_number": "0760289709",
    "gmail": "pasindukarunarathne98@gmail.com",
    "address": "176\/A NATHUDUWA KELANIYA",
    "regional_centre": "Head Office - Kaduwela",
    "course_type": "Certificate Level Courses",
    "course": "Certificate in Gemmology",
    "course_fee_display": "Registration Fee: Rs. 2,000 | Course Fee: Rs. 70,000",
    "reg_fee": "2000",
    "course_fee": "70000",
    "total_fee_display": "Total Fee: Rs. 72,000",
    "nic_passport": "199835401399",
    "education_background": "HND in Business Management \r\nUndergraduate ",
    "declaration": "1",
    "declaration2": "1"
}[2026-03-18 13:01:29] submit.php: POST data: {
    "name": "Ganji sreekar Lakshman ",
    "contact_number": "+91 8074146783",
    "gmail": "ganjisreekar@gmail.com",
    "address": "11-7-22\/a beside, e seva huda colony, Rajayogi Jewelers, kothapet, saroornagar, Hyderabad 500035",
    "regional_centre": "Ratnapura (NYSC)",
    "course_type": "Certificate Level Courses",
    "course": "Certificate in Gem Cutting and Polishing (NVQ 4)",
    "course_fee_display": "Registration Fee: Rs. 2,000 | Course Fee: Rs. 45,000",
    "reg_fee": "2000",
    "course_fee": "45000",
    "total_fee_display": "Total Fee: Rs. 47,000",
    "nic_passport": "Z7150364",
    "education_background": "Completed MBA from icfai business school in hyderabad India, actively into family jewelry business from 2021, Completed polished diamond graduate and cad jewelry design diploms from Mumbai's reputed jewlery institute. Been into international study tours as well like Zambia, Tanzania and visited Sri Lanka as well for gem tour and had opportunity to meet national gem and jewelry authority of ministry of gems and jewelry department chairman in a meeting ",
    "declaration": "1",
    "declaration2": "1"
}[2026-03-19 04:51:07] submit.php: POST data: {
    "name": "Herath Mudiyanselage Chathurika Madubashini Herath",
    "contact_number": "0714177818",
    "gmail": "herathc17@gmail.com",
    "address": "No. 118, Rajasirila, Bakmeegolla, Ibbagamuwa",
    "regional_centre": "Head Office - Kaduwela",
    "course_type": "Certificate Level Courses",
    "course": "Certificate in Blended Gemmology",
    "course_fee_display": "Registration Fee: Rs. 2,000 | Course Fee: Rs. 70,000",
    "reg_fee": "2000",
    "course_fee": "70000",
    "total_fee_display": "Total Fee: Rs. 72,000",
    "nic_passport": "N9947882",
    "education_background": "BSc (Hons) in Marine and Freshwater Sciences\r\nSpecialization: Oceanography and Marine Geology\r\nUniversity of Ruhuna, Sri Lanka.\r\n\r\nResearch Collaborator in Paleoceanography (Current) \u2013 Focus: Marine Sediment Analysis and Geochemical Sampling.\r\n\r\nNote: As a Marine Geology graduate, I am seeking to apply my knowledge of Earth minerals to the professional identification and analysis of gemstones. ",
    "declaration": "1",
    "declaration2": "1"
}[2026-03-19 08:44:21] submit.php: POST data: {
    "name": "Ruvindya Wickrama Arachchi",
    "contact_number": "0715143220",
    "gmail": "ruvindya20@gmail.com",
    "address": "123\/1,2nd Mile Post, siyambalagoda, polgasowita ",
    "regional_centre": "Head Office - Kaduwela",
    "course_type": "Diploma Level Courses",
    "course": "Diploma in Professional Gemmology (Dip. PGSL)",
    "course_fee_display": "Registration Fee: Rs. 2,000 | Course Fee: Rs. 150,000",
    "reg_fee": "2000",
    "course_fee": "150000",
    "total_fee_display": "Total Fee: Rs. 152,000",
    "nic_passport": "200282500741",
    "education_background": "I completed my G.C.E. Ordinary Level examination in the English medium with 7 As, and my G.C.E. Advanced Level examination in the English medium with 3 As, achieving a Z-score of 2.0648. I am currently a final-year undergraduate reading for a BSc (Hons) in Finance at the University of Sri Jayawardenepura. I am. Currently gaining practical exposure as a Finance Intern at the London Stock Exchange. In addition, I am reading for the Corporate Level of Chartered Accountancy at CA Sri Lanka, further strengthening my professional and technical knowledge in finance and accounting.",
    "declaration": "1",
    "declaration2": "1"
}[2026-03-19 09:11:42] submit.php: POST data: {
    "name": "Badugodage Sanmith Dinmal Fernando",
    "contact_number": "0774102373",
    "gmail": "Bsdfernando12@gmail.com",
    "address": "411\/2 ihala Kosgama kosgama",
    "regional_centre": "Head Office - Kaduwela",
    "course_type": "Certificate Level Courses",
    "course": "Certificate in Basic Gemmology",
    "course_fee_display": "Registration Fee: Rs. 2,000 | Course Fee: Rs. 50,000",
    "reg_fee": "2000",
    "course_fee": "50000",
    "total_fee_display": "Total Fee: Rs. 52,000",
    "nic_passport": "200324512246",
    "education_background": "O\/L completed and currently completing an Advanced diploma in hospitality management in William Anglis institution in SLIIT",
    "declaration": "1",
    "declaration2": "1"
}[2026-03-20 08:47:33] submit.php: POST data: {
    "name": "Farees Umair",
    "contact_number": "0778814288",
    "gmail": "umairfarees3@gmail.com",
    "address": "No. 5\/1, Hussain Avenue, Matale",
    "regional_centre": "Head Office - Kaduwela",
    "course_type": "Diploma Level Courses",
    "course": "Diploma in Professional Gemmology (Dip. PGSL)",
    "course_fee_display": "Registration Fee: Rs. 2,000 | Course Fee: Rs. 150,000",
    "reg_fee": "2000",
    "course_fee": "150000",
    "total_fee_display": "Total Fee: Rs. 152,000",
    "nic_passport": "200630802312",
    "education_background": "GCE A\/L Examination (2025) - Results Pending,\r\nCompleted a gem business certificate course at Gem Ethics Academy (Zafran Sir)",
    "declaration": "1",
    "declaration2": "1"
}[2026-03-22 13:46:10] submit.php: POST data: {
    "name": "Thusith Fonseka",
    "contact_number": "0773081208",
    "gmail": "thusith.fonseka@gmail.com",
    "address": "121\/B Cemetry Road \r\nThalapathpitiya \r\nNugegoda \r\nSri lanka \r\nPostal code  : 10250 \r\n",
    "regional_centre": "Head Office - Kaduwela",
    "course_type": "Certificate Level Courses",
    "course": "Certificate in Basic Gemmology",
    "course_fee_display": "Registration Fee: Rs. 2,000 | Course Fee: Rs. 50,000",
    "reg_fee": "2000",
    "course_fee": "50000",
    "total_fee_display": "Total Fee: Rs. 52,000",
    "nic_passport": "198925103422",
    "education_background": "Customs House Agent \r\nSri Lanka Custom\r\nDecember 7, 2019\r\n Marine Surveyor                                                                                         \r\nCeylon Chamber of Commerce \r\nJanuary 2018\r\n ICS Ship Charterer and Broker\r\n\r\n",
    "declaration": "1",
    "declaration2": "1"
}[2026-03-22 14:12:01] submit.php: POST data: {
    "name": "D.W Rohith Kumara Dullewa ",
    "contact_number": "0765443384",
    "gmail": "rohithdullewa9@gmail.com",
    "address": "No3\/7Thotagamuwa , Palapathwala Matale ",
    "regional_centre": "Kandy",
    "course_type": "Certificate Level Courses",
    "course": "Certificate in Gem Cutting and Polishing (NVQ 3)",
    "course_fee_display": "Registration Fee: Rs. 2,000 | Course Fee: Rs. 35,000",
    "reg_fee": "2000",
    "course_fee": "35000",
    "total_fee_display": "Total Fee: Rs. 37,000",
    "nic_passport": "200211710192",
    "education_background": "O\/l = A1,B2,C4,S2",
    "declaration": "1",
    "declaration2": "1"
}[2026-03-22 14:15:59] submit.php: POST data: {
    "name": "D.W Rohith Kumara Dullewa ",
    "contact_number": "0765443384",
    "gmail": "rohithdullewa9@gmail.com",
    "address": "No 3\/7  Thotagamuwa palapathwala matale ",
    "regional_centre": "Kandy",
    "course_type": "Certificate Level Courses",
    "course": "Certificate in Gem Cutting and Polishing (NVQ 4)",
    "course_fee_display": "Registration Fee: Rs. 2,000 | Course Fee: Rs. 45,000",
    "reg_fee": "2000",
    "course_fee": "45000",
    "total_fee_display": "Total Fee: Rs. 47,000",
    "nic_passport": "200211710192",
    "education_background": "O\/l A1,B2,C4,S2",
    "declaration": "1",
    "declaration2": "1"
}[2026-03-22 14:25:46] submit.php: POST data: {
    "name": "D.W Rohith Kumara Dullewa ",
    "contact_number": "0765443384",
    "gmail": "rohithdullewa9@gmail.com",
    "address": "No 3\/7  Thotagamuwa palapathwala matale ",
    "regional_centre": "Kandy",
    "course_type": "Certificate Level Courses",
    "course": "Certificate in Gem Cutting and Polishing (NVQ 4)",
    "course_fee_display": "Registration Fee: Rs. 2,000 | Course Fee: Rs. 45,000",
    "reg_fee": "2000",
    "course_fee": "45000",
    "total_fee_display": "Total Fee: Rs. 47,000",
    "nic_passport": "200211710192",
    "education_background": "O\/l A1,B2,C4,S2",
    "declaration": "1",
    "declaration2": "1"
}[2026-03-24 10:55:07] submit.php: POST data: {
    "name": "Dilan Chinthaka",
    "contact_number": "0767356482",
    "gmail": "dilan.dcchinthaka.1992@gmail.com",
    "address": "No, 209, Kongahahena Korathota, kaduwela",
    "regional_centre": "Head Office - Kaduwela",
    "course_type": "Certificate Level Courses",
    "course": "Certificate in Gemmology",
    "course_fee_display": "Registration Fee: Rs. 2,000 | Course Fee: Rs. 70,000",
    "reg_fee": "2000",
    "course_fee": "70000",
    "total_fee_display": "Total Fee: Rs. 72,000",
    "nic_passport": "921850158v",
    "education_background": "",
    "declaration": "1",
    "declaration2": "1"
}[2026-03-25 01:41:05] submit.php: POST data: {
    "name": "sugath newsiri",
    "contact_number": "0789305025",
    "gmail": "sugathnewsiri@gmail.com",
    "address": "Pannipitiya",
    "regional_centre": "Head Office - Kaduwela",
    "course_type": "Certificate Level Courses",
    "course": "Certificate in Geuda Heat Treatment",
    "course_fee_display": "Registration Fee: Rs. 2,000 | Course Fee: Rs. 55,000",
    "reg_fee": "2000",
    "course_fee": "55000",
    "total_fee_display": "Total Fee: Rs. 57,000",
    "nic_passport": "791870640v",
    "education_background": "Graduate within geography subject",
    "declaration": "1",
    "declaration2": "1"
}[2026-03-25 02:45:32] submit.php: POST data: {
    "name": "Hewawasam thuduwawattage anushka maduranga rajapaksha",
    "contact_number": "0772331176",
    "gmail": "chamber.arajapakse@gmail.com",
    "address": "249\/11, thalawathugoda road, pita kotte ",
    "regional_centre": "Head Office - Kaduwela",
    "course_type": "Certificate Level Courses",
    "course": "Certificate in Gem Cutting and Polishing (10 DAYS)",
    "course_fee_display": "Registration Fee: Rs. 2,000 | Course Fee: Rs. 14,000",
    "reg_fee": "2000",
    "course_fee": "14000",
    "total_fee_display": "Total Fee: Rs. 16,000",
    "nic_passport": "871471797v",
    "education_background": "Attorney-at-law",
    "declaration": "1",
    "declaration2": "1"
}[2026-03-25 13:34:41] submit.php: POST data: [][2026-03-26 22:06:15] submit.php: POST data: {
    "name": "Sreekar",
    "contact_number": "+918074146783",
    "gmail": "ganjisreekar@gmail.com",
    "address": "BESIDE E SEAV HUDA COLONY, SAROORNAGAR, HYDERABAD, RANGAREDDY. 500035, RAJAYOJI JEWELLERS",
    "regional_centre": "Head Office - Kaduwela",
    "course_type": "International Courses",
    "course": "Gem-A Foundation Course",
    "course_fee_display": "Registration Fee: Rs. 10,000 | Course Fee: Rs. 589,567.22",
    "reg_fee": "10000",
    "course_fee": "589567.22",
    "total_fee_display": "Total Fee: Rs. 599,567.22",
    "nic_passport": "Z7150364",
    "education_background": "Completed BBA and MBA from ICFAI business school. \r\ndone diploma in graduate polished diamonds, cad jewelry designing\r\nactively into family business from last 4 years",
    "declaration": "1",
    "declaration2": "1"
}[2026-03-28 17:33:33] submit.php: POST data: [][2026-03-29 04:34:37] submit.php: POST data: {
    "name": "MOHAMMED ASFAR MOHAMMED AMHAR",
    "contact_number": "0765281185",
    "gmail": "mhdamhar518@gmail.com",
    "address": "308\/1C WARAGASHINNA AKURANA",
    "regional_centre": "Kandy",
    "course_type": "Certificate Level Courses",
    "course": "Certificate in Basic Gemmology",
    "course_fee_display": "Registration Fee: Rs. 2,000 | Course Fee: Rs. 50,000",
    "reg_fee": "2000",
    "course_fee": "50000",
    "total_fee_display": "Total Fee: Rs. 52,000",
    "nic_passport": "200515800120",
    "education_background": "",
    "declaration": "1",
    "declaration2": "1"
}[2026-03-29 04:34:49] submit.php: POST data: {
    "name": "MOHAMMED ASFAR MOHAMMED AMHAR",
    "contact_number": "0765281185",
    "gmail": "mhdamhar518@gmail.com",
    "address": "308\/1C WARAGASHINNA AKURANA",
    "regional_centre": "Kandy",
    "course_type": "Certificate Level Courses",
    "course": "Certificate in Basic Gemmology",
    "course_fee_display": "Registration Fee: Rs. 2,000 | Course Fee: Rs. 50,000",
    "reg_fee": "2000",
    "course_fee": "50000",
    "total_fee_display": "Total Fee: Rs. 52,000",
    "nic_passport": "200515800120",
    "education_background": "",
    "declaration": "1",
    "declaration2": "1"
}[2026-03-29 04:45:19] submit.php: POST data: {
    "name": "MOHAMMED ASFAR MOHAMMED AMHAR ",
    "contact_number": "0765281185",
    "gmail": "mhdamhar518@gmail.com",
    "address": "308\/1C WARAGASHINNA AKURANA",
    "regional_centre": "Kandy",
    "course_type": "Certificate Level Courses",
    "course": "Certificate in Basic Gemmology",
    "course_fee_display": "Registration Fee: Rs. 2,000 | Course Fee: Rs. 50,000",
    "reg_fee": "2000",
    "course_fee": "50000",
    "total_fee_display": "Total Fee: Rs. 52,000",
    "nic_passport": "200515800120",
    "education_background": "",
    "declaration": "1",
    "declaration2": "1"
}[2026-03-29 14:44:51] submit.php: POST data: [][2026-03-31 06:26:51] submit.php: POST data: {
    "name": "Siyan Caleel",
    "contact_number": "0729385355",
    "gmail": "mypenhurts@gmail.com",
    "address": "211, Vivekarama Road",
    "regional_centre": "Head Office - Kaduwela",
    "course_type": "Certificate Level Courses",
    "course": "Certificate in Basic Gemmology",
    "course_fee_display": "Registration Fee: Rs. 2,000 | Course Fee: Rs. 50,000",
    "reg_fee": "2000",
    "course_fee": "50000",
    "total_fee_display": "Total Fee: Rs. 52,000",
    "nic_passport": "198434204252",
    "education_background": "A\\Ls",
    "declaration": "1",
    "declaration2": "1"
}[2026-04-01 07:18:57] submit.php: POST data: {
    "name": "A.M.Theekshana Rukshan Dharmawansha",
    "contact_number": "0767518350 \/ 0778540802",
    "gmail": "bhashi1818@gmail.com",
    "address": "Aluthwela,Kotabowa,Medagama,Bibile",
    "regional_centre": "Ratnapura",
    "course_type": "Certificate Level Courses",
    "course": "Certificate in Gem Cutting and Polishing (NVQ 4)",
    "course_fee_display": "Registration Fee: Rs. 2,000 | Course Fee: Rs. 45,000",
    "reg_fee": "2000",
    "course_fee": "45000",
    "total_fee_display": "Total Fee: Rs. 47,000",
    "nic_passport": "200213901560",
    "education_background": "General Certificate Of Education (Advanced Level) Examination (01)Distinction (01)Very Good Pass (01)Credit Pass (Commerce stream 2021)\r\n\r\nGeneral Certificate Of Education (Ordinary Level) Examination,(02)Very Good Pass (02)Credit Pass (04)Ordinary Pass\r\n\r\nand I have artistic abilities for fine work.",
    "declaration": "1",
    "declaration2": "1"
}[2026-04-02 04:27:34] submit.php: POST data: {
    "name": "M.R AZKI AHAMED ",
    "contact_number": "0766992248",
    "gmail": "azkiahammed19@gmail.com",
    "address": "80\/3A BARNS RATHWATHA MAWATHA BALANGODA ",
    "regional_centre": "Ratnapura",
    "course_type": "Certificate Level Courses",
    "course": "Certificate in Gem Cutting and Polishing (NVQ 4)",
    "course_fee_display": "Registration Fee: Rs. 2,000 | Course Fee: Rs. 45,000",
    "reg_fee": "2000",
    "course_fee": "45000",
    "total_fee_display": "Total Fee: Rs. 47,000",
    "nic_passport": "200622700131",
    "education_background": "Completed Ordinary level\r\nCompleted Advanced level\r\nAat qualified ",
    "declaration": "1",
    "declaration2": "1"
}[2026-04-02 04:53:09] submit.php: POST data: {
    "name": "Kajananan Jegatheeswaran",
    "contact_number": "0764302995",
    "gmail": "kajananan21@iCloud.com",
    "address": "11 Kelankaduwa Place, Colombo 06",
    "regional_centre": "Head Office - Kaduwela",
    "course_type": "Certificate Level Courses",
    "course": "Jewellery Certificate in Tailor \u2013 Made Courses",
    "course_fee_display": "For further information such as course dates, duration, and payment details, please contact the administrator",
    "reg_fee": "",
    "course_fee": "",
    "total_fee_display": "",
    "nic_passport": "200132604916",
    "education_background": "School : Colombo International School\r\nOL : 7A*AC ; AL: 5A*\r\n\r\nUniversity : Imperial College London, UK \r\nMEng Civil Engineering ",
    "declaration": "1",
    "declaration2": "1"
}[2026-04-02 12:42:45] submit.php: POST data: {
    "name": "MOHAMMED ASFAR MOHAMMED AMHAR",
    "contact_number": "0765281185",
    "gmail": "mhdamhar518@gmail.com",
    "address": "308\/1C WARAGASHINNA AKURANA",
    "regional_centre": "Kandy",
    "course_type": "Certificate Level Courses",
    "course": "Certificate in Gem Cutting and Polishing (NVQ 4)",
    "course_fee_display": "Registration Fee: Rs. 2,000 | Course Fee: Rs. 45,000",
    "reg_fee": "2000",
    "course_fee": "45000",
    "total_fee_display": "Total Fee: Rs. 47,000",
    "nic_passport": "200515800120",
    "education_background": "",
    "declaration": "1",
    "declaration2": "1"
}[2026-04-04 06:30:39] submit.php: POST data: {
    "name": "Lahiru Ashan Wijesinghe",
    "contact_number": "0711068944",
    "gmail": "",
    "address": "",
    "regional_centre": "Head Office - Kaduwela",
    "course_type": "Certificate Level Courses",
    "course": "Certificate in Gem Cutting and Polishing (10 DAYS)",
    "course_fee_display": "Registration Fee: Rs. 2,000 | Course Fee: Rs. 14,000",
    "reg_fee": "2000",
    "course_fee": "14000",
    "total_fee_display": "Total Fee: Rs. 16,000",
    "nic_passport": "872860320V",
    "education_background": "",
    "declaration": "1",
    "declaration2": "1"
}[2026-04-05 14:56:10] submit.php: POST data: [][2026-04-06 16:59:51] submit.php: POST data: {
    "name": "Pabasara Nimeshi ",
    "contact_number": "0768358632",
    "gmail": "pabasaranimeshi349@gmail.com",
    "address": "37\/16 C Siddahena Allewela Nagenahira Hakmana.",
    "regional_centre": "Ratnapura",
    "course_type": "Certificate Level Courses",
    "course": "Certificate in Gems and Jewellery Valuation and Marketing",
    "course_fee_display": "Registration Fee: Rs. 2,000 | Course Fee: Rs. 20,000",
    "reg_fee": "2000",
    "course_fee": "20000",
    "total_fee_display": "Total Fee: Rs. 22,000",
    "nic_passport": "200671304538",
    "education_background": "A\/L exam passe ",
    "declaration": "1",
    "declaration2": "1"
}[2026-04-06 17:00:27] submit.php: POST data: [][2026-04-06 17:00:28] submit.php: POST data: [][2026-04-08 15:35:54] submit.php: POST data: {
    "name": "LAKMAL SALIYA BANDARA KARUNATHILAKA RALAHAMILAGE",
    "contact_number": "0778365924",
    "gmail": "saliya204@yahoo.com",
    "address": "9A,166\r\nRukmalgama\r\nPannipitiya",
    "regional_centre": "Head Office - Kaduwela",
    "course_type": "Certificate Level Courses",
    "course": "Certificate in Gems and Jewellery Valuation and Marketing",
    "course_fee_display": "Registration Fee: Rs. 2,000 | Course Fee: Rs. 20,000",
    "reg_fee": "2000",
    "course_fee": "20000",
    "total_fee_display": "Total Fee: Rs. 22,000",
    "nic_passport": "822013368V ",
    "education_background": "",
    "declaration": "1",
    "declaration2": "1"
}[2026-04-08 15:40:13] submit.php: POST data: {
    "name": "LAKMAL SALIYA BANDARA KARUNATHILAKA RALAHAMILAGE",
    "contact_number": "0778365924",
    "gmail": "saliya204@yahoo.com",
    "address": "9A,166\r\nRukmalgama\r\nPannipitiya",
    "regional_centre": "Head Office - Kaduwela",
    "course_type": "Certificate Level Courses",
    "course": "Certificate in Gems and Jewellery Valuation and Marketing",
    "course_fee_display": "Registration Fee: Rs. 2,000 | Course Fee: Rs. 20,000",
    "reg_fee": "2000",
    "course_fee": "20000",
    "total_fee_display": "Total Fee: Rs. 22,000",
    "nic_passport": "822013368V ",
    "education_background": "",
    "declaration": "1",
    "declaration2": "1"
}[2026-04-10 06:07:36] submit.php: POST data: {
    "name": "LAKMAL SALIYA BANDARA KARUNATHILAKA RALAHAMILAGE",
    "contact_number": "0778365924",
    "gmail": "saliya204@yahoo.com",
    "address": "9A,166\r\nRukmalgama\r\nPannipitiya",
    "regional_centre": "Head Office - Kaduwela",
    "course_type": "Certificate Level Courses",
    "course": "Certificate in Gems and Jewellery Valuation and Marketing",
    "course_fee_display": "Registration Fee: Rs. 2,000 | Course Fee: Rs. 20,000",
    "reg_fee": "2000",
    "course_fee": "20000",
    "total_fee_display": "Total Fee: Rs. 22,000",
    "nic_passport": "822013368V ",
    "education_background": "BSc Degree",
    "declaration": "1",
    "declaration2": "1"
}[2026-04-15 07:17:39] submit.php: POST data: {
    "name": "Mohan Philaman",
    "contact_number": "0757281155",
    "gmail": "allenphilaman07@gmail.com",
    "address": "1B\/F11\/U03 SIYAPATH SEWANA ,COLOMBO 09",
    "regional_centre": "Head Office - Kaduwela",
    "course_type": "Certificate Level Courses",
    "course": "Certificate in Gemmology",
    "course_fee_display": "Registration Fee: Rs. 2,000 | Course Fee: Rs. 70,000",
    "reg_fee": "2000",
    "course_fee": "70000",
    "total_fee_display": "Total Fee: Rs. 72,000",
    "nic_passport": "199625102798",
    "education_background": "Successfully completed O\/L and A\/L",
    "declaration": "1",
    "declaration2": "1"
}[2026-04-15 17:07:02] submit.php: POST data: {
    "name": "THISAN MINDIYA KULATHILAKA",
    "contact_number": "0769652272",
    "gmail": "mindiyakulathilake648@gmail.com",
    "address": "80\/13, manamendra mawatha, rathnapura road, Avissawella",
    "regional_centre": "Ratnapura",
    "course_type": "Certificate Level Courses",
    "course": "Certificate in Gems and Jewellery Valuation and Marketing",
    "course_fee_display": "Registration Fee: Rs. 2,000 | Course Fee: Rs. 20,000",
    "reg_fee": "2000",
    "course_fee": "20000",
    "total_fee_display": "Total Fee: Rs. 22,000",
    "nic_passport": "200324001118",
    "education_background": "University undergraduate",
    "declaration": "1",
    "declaration2": "1"
}[2026-04-18 08:36:32] submit.php: POST data: {
    "name": "Naseef AR",
    "contact_number": "0767324216",
    "gmail": "naseef14@gmail.com",
    "address": "07, Aluthnuwara Road, Hingula",
    "regional_centre": "Ratnapura",
    "course_type": "Certificate Level Courses",
    "course": "Certificate in Gem Cutting and Polishing (Weekend)",
    "course_fee_display": "Registration Fee: Rs. 2,000 | Course Fee: Rs. 35,000",
    "reg_fee": "2000",
    "course_fee": "35000",
    "total_fee_display": "Total Fee: Rs. 37,000",
    "nic_passport": "942662360V",
    "education_background": "Degree in Computer Science and Englineering.\r\n(I have also completed courses in gem identification and heat treatment. Looking to learn and gain some knowledge on cutting and polishing)",
    "declaration": "1",
    "declaration2": "1"
}[2026-04-18 08:39:46] submit.php: POST data: {
    "name": "Naseef AR",
    "contact_number": "+94767324216",
    "gmail": "naseef14@gmail.com",
    "address": "07, Aluthnuwara Rd, Hingula",
    "regional_centre": "Ratnapura",
    "course_type": "Certificate Level Courses",
    "course": "Gem Related Certificate in Tailor \u2013 Made Courses",
    "course_fee_display": "For further information such as course dates, duration, and payment details, please contact the administrator",
    "reg_fee": "",
    "course_fee": "",
    "total_fee_display": "",
    "nic_passport": "942662360V",
    "education_background": "Degree in Computer Science & Engineering.\r\n(also have completed a course in gem identification and heat treatment. looking to learn about cutting and polishing + international trading + valuation)",
    "declaration": "1",
    "declaration2": "1"
}[2026-04-20 14:10:48] submit.php: POST data: {
    "name": "Seneth Madigasakara",
    "contact_number": "0759744688",
    "gmail": "senethmadigasakara@gmail.com",
    "address": "No 26\/1,C Rathukoho deegala,akurana",
    "regional_centre": "Head Office - Kaduwela",
    "course_type": "Certificate Level Courses",
    "course": "Certificate in Gemmology",
    "course_fee_display": "Registration Fee: Rs. 2,000 | Course Fee: Rs. 70,000",
    "reg_fee": "2000",
    "course_fee": "70000",
    "total_fee_display": "Total Fee: Rs. 72,000",
    "nic_passport": "200031200878",
    "education_background": "O\/l pass\r\n",
    "declaration": "1",
    "declaration2": "1"
}[2026-04-21 11:13:29] submit.php: POST data: {
    "name": "Ranasinghe Arachchilage Darshana Prasad Rathnasinghe",
    "contact_number": "0767039716",
    "gmail": "radpdarshana@gmail.com",
    "address": "No 81, 1st step, Aluth Malkaduwawa, kurunegala",
    "regional_centre": "Head Office - Kaduwela",
    "course_type": "Certificate Level Courses",
    "course": "Certificate in Geuda Heat Treatment",
    "course_fee_display": "Registration Fee: Rs. 2,000 | Course Fee: Rs. 55,000",
    "reg_fee": "2000",
    "course_fee": "55000",
    "total_fee_display": "Total Fee: Rs. 57,000",
    "nic_passport": "893561722V",
    "education_background": "Bsc Agricultural Technology & Management, Faculty of Agriculture, University of Peradeniya",
    "declaration": "1",
    "declaration2": "1"
}[2026-04-22 05:40:49] submit.php: POST data: {
    "name": "M D Dilantha Maneth Perera",
    "contact_number": "0772259232",
    "gmail": "dilanthaonline@gmail.com",
    "address": "81\/15 A\r\nRukmal Mv, Temple road, Rukmalgama, Kottawa",
    "regional_centre": "Head Office - Kaduwela",
    "course_type": "Diploma Level Courses",
    "course": "Diploma in Jewellery Manufacturing and Designing Technology (NVQ 5)\/ Diploma in Professional Jewellery (Dip. PJSL)",
    "course_fee_display": "Registration Fee: Rs. 2,000 | Course Fee: Rs. 125,000",
    "reg_fee": "2000",
    "course_fee": "125000",
    "total_fee_display": "Total Fee: Rs. 127,000",
    "nic_passport": "198318401966",
    "education_background": "Professional Graguate Diploma in IT (Level 6)",
    "declaration": "1",
    "declaration2": "1"
}[2026-04-22 07:57:48] submit.php: POST data: {
    "name": "Jason Daniel Subandriyo",
    "contact_number": "0771233683",
    "gmail": "silverines.muller@gmail.com",
    "address": "10A 121 Residences\r\nNo 121 Park Road",
    "regional_centre": "Head Office - Kaduwela",
    "course_type": "Certificate Level Courses",
    "course": "Certificate in Gemmology",
    "course_fee_display": "Registration Fee: Rs. 2,000 | Course Fee: Rs. 70,000",
    "reg_fee": "2000",
    "course_fee": "70000",
    "total_fee_display": "Total Fee: Rs. 72,000",
    "nic_passport": "199816910276",
    "education_background": "Bachelors in Commerce, Univeristy of Woolongong, Dubai Campus, UAE",
    "declaration": "1",
    "declaration2": "1"
}[2026-04-23 07:00:56] submit.php: POST data: {
    "name": "B.Mithula hansaja",
    "contact_number": "0741960673",
    "gmail": "mithulahansaja@gmail.com",
    "address": "176\/1 Bokutupalassa uduwila thissamaharama ",
    "regional_centre": "Head Office - Kaduwela",
    "course_type": "Certificate Level Courses",
    "course": "Certificate in Basic Gemmology",
    "course_fee_display": "Registration Fee: Rs. 2,000 | Course Fee: Rs. 50,000",
    "reg_fee": "2000",
    "course_fee": "50000",
    "total_fee_display": "Total Fee: Rs. 52,000",
    "nic_passport": "200915700306",
    "education_background": "After o\/l",
    "declaration": "1",
    "declaration2": "1"
}[2026-04-25 13:28:15] submit.php: POST data: {
    "name": "IBRALEBBE MUHAMMADHU MUSTHAKEEM",
    "contact_number": "0771600993",
    "gmail": "musthakeem787@gmail.com",
    "address": "41,Ansari Masjidh Road, Oluvil - 05",
    "regional_centre": "Head Office - Kaduwela",
    "course_type": "Diploma Level Courses",
    "course": "Diploma in Professional Gemmology (Dip. PGSL)",
    "course_fee_display": "Registration Fee: Rs. 2,000 | Course Fee: Rs. 150,000",
    "reg_fee": "2000",
    "course_fee": "150000",
    "total_fee_display": "Total Fee: Rs. 152,000",
    "nic_passport": "941114563V",
    "education_background": "GCE A\/L 3 subjects  QUALIFIED in Mathematics Stream \r\n NDT in Mathematics ( Government Teacher)",
    "declaration": "1",
    "declaration2": "1"
}[2026-04-27 05:06:45] submit.php: POST data: {
    "name": "Senthil kumaran Balakrishnan",
    "contact_number": "0773661055",
    "gmail": "senstepn@gmail.com",
    "address": "36\/2A\/1 Vidhyartha Mawatha,Kandy",
    "regional_centre": "Kandy",
    "course_type": "Certificate Level Courses",
    "course": "Certificate in Basic Gemmology",
    "course_fee_display": "Registration Fee: Rs. 2,000 | Course Fee: Rs. 50,000",
    "reg_fee": "2000",
    "course_fee": "50000",
    "total_fee_display": "Total Fee: Rs. 52,000",
    "nic_passport": "198027602950",
    "education_background": "B.E(Bachelor of Engineering)",
    "declaration": "1",
    "declaration2": "1"
}[2026-04-27 05:52:32] submit.php: POST data: {
    "name": "Balage Mithula hansaja ",
    "contact_number": "0741960673",
    "gmail": "mithulahansaja@gmail.com",
    "address": "176\/1 Bokutupalassa , uduwila , thissamaharama",
    "regional_centre": "Head Office - Kaduwela",
    "course_type": "Certificate Level Courses",
    "course": "Certificate in Basic Gemmology",
    "course_fee_display": "Registration Fee: Rs. 2,000 | Course Fee: Rs. 50,000",
    "reg_fee": "2000",
    "course_fee": "50000",
    "total_fee_display": "Total Fee: Rs. 52,000",
    "nic_passport": "200915700306",
    "education_background": "after o\/l Pending results ",
    "declaration": "1",
    "declaration2": "1"
}[2026-04-27 11:29:44] submit.php: POST data: {
    "name": "Anushka De Siilva",
    "contact_number": "0777270406",
    "gmail": "kadkdesilva@gmail.com",
    "address": "No 63\/93i , Dambahena Road, 4th Lane, Maharagama",
    "regional_centre": "Head Office - Kaduwela",
    "course_type": "Certificate Level Courses",
    "course": "Certificate in Gem Cutting and Polishing (10 DAYS)",
    "course_fee_display": "Registration Fee: Rs. 2,000 | Course Fee: Rs. 14,000",
    "reg_fee": "2000",
    "course_fee": "14000",
    "total_fee_display": "Total Fee: Rs. 16,000",
    "nic_passport": "882132994V",
    "education_background": "O\/L , A\/L and NIBM diploma in computer system design",
    "declaration": "1",
    "declaration2": "1"
}[2026-04-28 06:03:39] submit.php: POST data: {
    "name": "K.T.E.N.Subasena",
    "contact_number": "0776101957",
    "gmail": "esala257@gmail.com",
    "address": "502\/5\/2, 6th lane, Halbarawa Gardens, Thalahena, Malabe",
    "regional_centre": "Head Office - Kaduwela",
    "course_type": "Certificate Level Courses",
    "course": "Certificate in Gem Cutting and Polishing (NVQ 3)",
    "course_fee_display": "Registration Fee: Rs. 2,000 | Course Fee: Rs. 35,000",
    "reg_fee": "2000",
    "course_fee": "35000",
    "total_fee_display": "Total Fee: Rs. 37,000",
    "nic_passport": "572071375V",
    "education_background": "GCE AL. Maths",
    "declaration": "1",
    "declaration2": "1"
}[2026-04-28 14:26:16] submit.php: POST data: {
    "name": "Mohottige Kalidu Ranmith Dayaratna",
    "contact_number": "+94719494189",
    "gmail": "ranmithdayaratna04@gmail.com",
    "address": "366, Thekkawatta, Palatota, Kalutara South.",
    "regional_centre": "Head Office - Kaduwela",
    "course_type": "International Courses",
    "course": "Gem-A Foundation Course",
    "course_fee_display": "Registration Fee: Rs. 10,000 | Course Fee: Rs. 589,567.22",
    "reg_fee": "10000",
    "course_fee": "589567.22",
    "total_fee_display": "Total Fee: Rs. 599,567.22",
    "nic_passport": "200423403876",
    "education_background": "G.C.E. Advanced Level (Physical Science) - All 3 Subjects \"S\" passes in one sitting.",
    "declaration": "1",
    "declaration2": "1"
}[2026-04-30 04:18:54] submit.php: POST data: {
    "name": "Lishan Chamuditha ",
    "contact_number": "0703653935",
    "gmail": "lishanbro05@gmail.com",
    "address": "284, Pahala imbulgoda imbulgoda.",
    "regional_centre": "Head Office - Kaduwela",
    "course_type": "Certificate Level Courses",
    "course": "Certificate in Jewellery Manufacturing (NVQ 3)",
    "course_fee_display": "Registration Fee: Rs. 2,000 | Course Fee: Rs. 20,000",
    "reg_fee": "2000",
    "course_fee": "20000",
    "total_fee_display": "Total Fee: Rs. 22,000",
    "nic_passport": "200534802223",
    "education_background": "Ordinary Level (O\/L) Complete ",
    "declaration": "1",
    "declaration2": "1"
}[2026-04-30 04:23:59] submit.php: POST data: {
    "name": "Lishan Chamuditha ",
    "contact_number": "0703653935",
    "gmail": "lishanbro05@gmail.com",
    "address": "284, Pahala Imbulgoda imbulgoda.",
    "regional_centre": "Head Office - Kaduwela",
    "course_type": "Certificate Level Courses",
    "course": "Certificate in Jewellery Manufacturing (NVQ 3)",
    "course_fee_display": "Registration Fee: Rs. 2,000 | Course Fee: Rs. 20,000",
    "reg_fee": "2000",
    "course_fee": "20000",
    "total_fee_display": "Total Fee: Rs. 22,000",
    "nic_passport": "200534802223",
    "education_background": "Ordinary Level (O\/L) Completed ",
    "declaration": "1",
    "declaration2": "1"
}[2026-04-30 05:09:31] submit.php: POST data: {
    "name": "M J K C UDayanganie",
    "contact_number": "0774894050",
    "gmail": "chamila109@yahoo.com",
    "address": "Metro Manar Resudencies \r\n45\/1A, Braybrooke Strret\r\nColombo 02",
    "regional_centre": "Head Office - Kaduwela",
    "course_type": "Certificate Level Courses",
    "course": "Certificate in Jewellery Manufacturing (NVQ 3)",
    "course_fee_display": "Registration Fee: Rs. 2,000 | Course Fee: Rs. 20,000",
    "reg_fee": "2000",
    "course_fee": "20000",
    "total_fee_display": "Total Fee: Rs. 22,000",
    "nic_passport": "807050800V",
    "education_background": "I have completed O\/L and A\/L.",
    "declaration": "1",
    "declaration2": "1"
}[2026-04-30 06:25:31] submit.php: POST data: {
    "name": "Lishan Chamuditha ",
    "contact_number": "0703653935",
    "gmail": "lishanbro05@gmail.com",
    "address": "284, Pahala Imbulgoda imbulgoda.",
    "regional_centre": "Head Office - Kaduwela",
    "course_type": "Certificate Level Courses",
    "course": "Certificate in Jewellery Manufacturing (NVQ 3)",
    "course_fee_display": "Registration Fee: Rs. 2,000 | Course Fee: Rs. 20,000",
    "reg_fee": "2000",
    "course_fee": "20000",
    "total_fee_display": "Total Fee: Rs. 22,000",
    "nic_passport": "200534802223",
    "education_background": "Ordinary Level (O\/L) Completed ",
    "declaration": "1",
    "declaration2": "1"
}[2026-04-30 17:43:06] submit.php: POST data: {
    "name": "Mahalekame Gamagedara Manuja Bandara ",
    "contact_number": "0773069534",
    "gmail": "lankabhoomioffice@gmail.com",
    "address": "No. 533, Victoria Range, Digana",
    "regional_centre": "Head Office - Kaduwela",
    "course_type": "Certificate Level Courses",
    "course": "Certificate in Jewellery Designing Technology (NVQ 4)",
    "course_fee_display": "Registration Fee: Rs. 2,000 | Course Fee: Rs. 60,000",
    "reg_fee": "2000",
    "course_fee": "60000",
    "total_fee_display": "Total Fee: Rs. 62,000",
    "nic_passport": "200835100400",
    "education_background": "GCE O\/L",
    "declaration": "1",
    "declaration2": "1"
}[2026-05-02 05:09:27] submit.php: POST data: [][2026-05-02 05:09:29] submit.php: POST data: [][2026-05-02 05:11:42] submit.php: POST data: {
    "name": "R.G.Thakshila Nuwanthi Chandralal ",
    "contact_number": "0760860075",
    "gmail": "thakshilachandralal0@gmail.com",
    "address": "No.54\/A,\r\nUdagama,\r\nGalhinna,\r\n20152",
    "regional_centre": "Head Office - Kaduwela",
    "course_type": "Diploma Level Courses",
    "course": "Diploma in Professional Gemmology (Dip. PGSL)",
    "course_fee_display": "Registration Fee: Rs. 2,000 | Course Fee: Rs. 150,000",
    "reg_fee": "2000",
    "course_fee": "150000",
    "total_fee_display": "Total Fee: Rs. 152,000",
    "nic_passport": "200674503773",
    "education_background": "Completed A\/Ls in 2025",
    "declaration": "1",
    "declaration2": "1"
}[2026-05-02 05:14:08] submit.php: POST data: {
    "name": "R.G.Thakshila Nuwanthi Chandralal ",
    "contact_number": "0760860075",
    "gmail": "thakshilachandralal0@gmail.com",
    "address": "5No\r\n4\/A,,\r\nGalhinna,\r\n20152",
    "regional_centre": "Head Office - Kaduwela",
    "course_type": "Diploma Level Courses",
    "course": "Diploma in Professional Gemmology (Dip. PGSL)",
    "course_fee_display": "Registration Fee: Rs. 2,000 | Course Fee: Rs. 150,000",
    "reg_fee": "2000",
    "course_fee": "150000",
    "total_fee_display": "Total Fee: Rs. 152,000",
    "nic_passport": "200674503773",
    "education_background": "Completed A\/Ls in 2025",
    "declaration": "1",
    "declaration2": "1"
}[2026-05-02 05:16:21] submit.php: POST data: {
    "name": "R.G.Thakshila Nuwanthi Chandralal ",
    "contact_number": "0760860075",
    "gmail": "thakshilachandralal0@gmail.com",
    "address": "No.54\/A,\r\nUdagama,\r\nGalhinna.",
    "regional_centre": "Head Office - Kaduwela",
    "course_type": "Diploma Level Courses",
    "course": "Diploma in Professional Gemmology (Dip. PGSL)",
    "course_fee_display": "Registration Fee: Rs. 2,000 | Course Fee: Rs. 150,000",
    "reg_fee": "2000",
    "course_fee": "150000",
    "total_fee_display": "Total Fee: Rs. 152,000",
    "nic_passport": "200674503773",
    "education_background": "Completed A\/Ls in 2025",
    "declaration": "1",
    "declaration2": "1"
}[2026-05-02 05:29:45] submit.php: POST data: {
    "name": "IBRALEBBE MOHAMMETHU MSTHAKEEM",
    "contact_number": "0771600993",
    "gmail": "musthakeem787@gmail.com",
    "address": "41, Ansari masjid road oluvil-5",
    "regional_centre": "Head Office - Kaduwela",
    "course_type": "Certificate Level Courses",
    "course": "Certificate in Geuda Heat Treatment",
    "course_fee_display": "Registration Fee: Rs. 2,000 | Course Fee: Rs. 55,000",
    "reg_fee": "2000",
    "course_fee": "55000",
    "total_fee_display": "Total Fee: Rs. 57,000",
    "nic_passport": "941114563V",
    "education_background": "",
    "declaration": "1",
    "declaration2": "1"
}[2026-05-02 17:52:36] submit.php: POST data: {
    "name": "Sashitha Charunga",
    "contact_number": "0714800710",
    "gmail": "sashithacharungayapaindunilper@gmail.com",
    "address": "Indunil\r\nwewagoda,wathukanda",
    "regional_centre": "Head Office - Kaduwela",
    "course_type": "Certificate Level Courses",
    "course": "Certificate in Gems and Jewellery Valuation and Marketing",
    "course_fee_display": "Registration Fee: Rs. 2,000 | Course Fee: Rs. 20,000",
    "reg_fee": "2000",
    "course_fee": "20000",
    "total_fee_display": "Total Fee: Rs. 22,000",
    "nic_passport": "200124703236",
    "education_background": " I am currently an undergraduate at the University of Moratuwa\r\n",
    "declaration": "1",
    "declaration2": "1"
}[2026-05-03 04:54:54] submit.php: POST data: {
    "name": "YGAUS  Bandara",
    "contact_number": "0773663959\/0713648907",
    "gmail": "udayab992@gmail.com",
    "address": "No 46\/A wawathupola Alawathugoda ",
    "regional_centre": "Kandy",
    "course_type": "Certificate Level Courses",
    "course": "Certificate in Gem Cutting and Polishing (NVQ 4)",
    "course_fee_display": "Registration Fee: Rs. 2,000 | Course Fee: Rs. 45,000",
    "reg_fee": "2000",
    "course_fee": "45000",
    "total_fee_display": "Total Fee: Rs. 47,000",
    "nic_passport": "19860961903",
    "education_background": "O\/l",
    "declaration": "1",
    "declaration2": "1"
}[2026-05-04 04:24:33] submit.php: POST data: {
    "name": "Bulathsinhalage Chinthaka Cooray",
    "contact_number": "0755302900",
    "gmail": "chinthakacooray93@gmail.com",
    "address": "No 05\/T20, Baseline Mawatha, Borella, Colombo 08",
    "regional_centre": "Head Office - Kaduwela",
    "course_type": "Certificate Level Courses",
    "course": "Certificate in Gemmology",
    "course_fee_display": "Registration Fee: Rs. 2,000 | Course Fee: Rs. 70,000",
    "reg_fee": "2000",
    "course_fee": "70000",
    "total_fee_display": "Total Fee: Rs. 72,000",
    "nic_passport": "199324901451",
    "education_background": "Successfully passed the GCE Ordinary Level and Advanced Level examinations.",
    "declaration": "1",
    "declaration2": "1"
}[2026-05-04 04:31:53] submit.php: POST data: {
    "name": "Pelenda Kapuge Manuka Prabhath Madhuranga",
    "contact_number": "0767702870",
    "gmail": "manuka991@gmail.com",
    "address": "98\/209A, Taxila Sewana, Kindelpitiya, Millewa, Horana",
    "regional_centre": "Ratnapura",
    "course_type": "Diploma Level Courses",
    "course": "Diploma in Professional Gemmology (Dip. PGSL)",
    "course_fee_display": "Registration Fee: Rs. 2,000 | Course Fee: Rs. 150,000",
    "reg_fee": "2000",
    "course_fee": "150000",
    "total_fee_display": "Total Fee: Rs. 152,000",
    "nic_passport": "910891294V",
    "education_background": "Education: G.C.E. Advanced Level - Vidyartha College, Kandy (Passed in 2 subjects).\r\n\u200bIndustry Experience: 10+ years of active involvement in the Gemstone business.\r\n\u200bProfessional Credentials: Registered Gem Dealer with a valid license for over 4 years.",
    "declaration": "1",
    "declaration2": "1"
}[2026-05-04 04:37:40] submit.php: POST data: {
    "name": "Pelenda Kapuge Manuka Prabhath Maduranga",
    "contact_number": "0767702870",
    "gmail": "manuka991@gmail.com",
    "address": "98\/209A, Taxila Sewana, Millewa, Horana",
    "regional_centre": "Ratnapura",
    "course_type": "Diploma Level Courses",
    "course": "Diploma in Professional Gemmology (Dip. PGSL)",
    "course_fee_display": "Registration Fee: Rs. 2,000 | Course Fee: Rs. 150,000",
    "reg_fee": "2000",
    "course_fee": "150000",
    "total_fee_display": "Total Fee: Rs. 152,000",
    "nic_passport": "910891294V ",
    "education_background": "Education: G.C.E. Advanced Level - Vidyartha College, Kandy (Passed in 2 subjects).\r\n\u200bIndustry Experience: 10+ years of active involvement in the Gemstone business.\r\n\u200bProfessional Credentials: Registered Gem Dealer with a valid license for over 4 years.",
    "declaration": "1",
    "declaration2": "1"
}[2026-05-04 06:44:23] submit.php: POST data: {
    "name": "  Deththara Gamage Navod Thisaru Gunathilaka",
    "contact_number": "0716260897",
    "gmail": "navodthisaru8@gmail.com",
    "address": "No 65\/6,Kanampella,Kosgama",
    "regional_centre": "Head Office - Kaduwela",
    "course_type": "Certificate Level Courses",
    "course": "Certificate in Gem Cutting and Polishing (NVQ 4)",
    "course_fee_display": "Registration Fee: Rs. 2,000 | Course Fee: Rs. 45,000",
    "reg_fee": "2000",
    "course_fee": "45000",
    "total_fee_display": "Total Fee: Rs. 47,000",
    "nic_passport": "200225503211",
    "education_background": "A\/L pass",
    "declaration": "1",
    "declaration2": "1"
}[2026-05-04 06:46:01] submit.php: POST data: {
    "name": "  Deththara Gamage Navod Thisaru Gunathilaka",
    "contact_number": "0716260897",
    "gmail": "navodthisaru8@gmail.com",
    "address": "No 65\/6,Kanampella,Kosgama",
    "regional_centre": "Head Office - Kaduwela",
    "course_type": "Certificate Level Courses",
    "course": "Certificate in Gem Cutting and Polishing (NVQ 4)",
    "course_fee_display": "Registration Fee: Rs. 2,000 | Course Fee: Rs. 45,000",
    "reg_fee": "2000",
    "course_fee": "45000",
    "total_fee_display": "Total Fee: Rs. 47,000",
    "nic_passport": "200225503211",
    "education_background": "A\/L pass",
    "declaration": "1",
    "declaration2": "1"
}[2026-05-04 06:47:57] submit.php: POST data: {
    "name": "  Deththara Gamage Navod Thisaru Gunathilaka",
    "contact_number": "0716260897",
    "gmail": "navodthisaru8@gmail.com",
    "address": "No 65\/6,Kanampella,Kosgama",
    "regional_centre": "Head Office - Kaduwela",
    "course_type": "Certificate Level Courses",
    "course": "Certificate in Gem Cutting and Polishing (NVQ 4)",
    "course_fee_display": "Registration Fee: Rs. 2,000 | Course Fee: Rs. 45,000",
    "reg_fee": "2000",
    "course_fee": "45000",
    "total_fee_display": "Total Fee: Rs. 47,000",
    "nic_passport": "200225503211",
    "education_background": "A\/L pass",
    "declaration": "1",
    "declaration2": "1"
}[2026-05-04 06:49:25] submit.php: POST data: {
    "name": "  Deththara Gamage Navod Thisaru Gunathilaka",
    "contact_number": "0716260897",
    "gmail": "navodthisaru8@gmail.com",
    "address": "No 65\/6,Kanampella,Kosgama",
    "regional_centre": "Head Office - Kaduwela",
    "course_type": "Certificate Level Courses",
    "course": "Certificate in Gem Cutting and Polishing (NVQ 4)",
    "course_fee_display": "Registration Fee: Rs. 2,000 | Course Fee: Rs. 45,000",
    "reg_fee": "2000",
    "course_fee": "45000",
    "total_fee_display": "Total Fee: Rs. 47,000",
    "nic_passport": "200225503211",
    "education_background": "A\/L pass",
    "declaration": "1",
    "declaration2": "1"
}[2026-05-05 04:07:04] submit.php: POST data: {
    "name": "Bulugahapitiye Mohottallage Chandana Kumara",
    "contact_number": "0771439092",
    "gmail": "chandana3k@gmail.com",
    "address": "10\/163\r\nWakunagoda Lane",
    "regional_centre": "Head Office - Kaduwela",
    "course_type": "Diploma Level Courses",
    "course": "Diploma in Professional Gemmology (Dip. PGSL)",
    "course_fee_display": "Registration Fee: Rs. 2,000 | Course Fee: Rs. 150,000",
    "reg_fee": "2000",
    "course_fee": "150000",
    "total_fee_display": "Total Fee: Rs. 152,000",
    "nic_passport": "198527203319",
    "education_background": "",
    "declaration": "1",
    "declaration2": "1"
}[2026-05-07 10:16:30] submit.php: POST data: {
    "name": "Kavya Devmi Weerawickrama ",
    "contact_number": "0782396466",
    "gmail": "kavyaweerawickrama@gmail.com",
    "address": "130\/5, Egodawatta, Boralesgamuwa.",
    "regional_centre": "Head Office - Kaduwela",
    "course_type": "Diploma Level Courses",
    "course": "Diploma in Jewellery Manufacturing and Designing Technology (NVQ 5)\/ Diploma in Professional Jewellery (Dip. PJSL)",
    "course_fee_display": "Registration Fee: Rs. 2,000 | Course Fee: Rs. 125,000",
    "reg_fee": "2000",
    "course_fee": "125000",
    "total_fee_display": "Total Fee: Rs. 127,000",
    "nic_passport": "200263700251",
    "education_background": "2022 A\/L 3 pass in 1st sitting. I do the A\/L art stream.",
    "declaration": "1",
    "declaration2": "1"
}[2026-05-08 10:52:24] submit.php: POST data: {
    "name": "Nuwan Chamara Mudannayake",
    "contact_number": "0712380224",
    "gmail": "nuwanmudannayake@gmail.com",
    "address": "No 1\/75\r\nBanduragoda",
    "regional_centre": "Head Office - Kaduwela",
    "course_type": "Certificate Level Courses",
    "course": "Certificate in Geuda Heat Treatment",
    "course_fee_display": "Registration Fee: Rs. 2,000 | Course Fee: Rs. 55,000",
    "reg_fee": "2000",
    "course_fee": "55000",
    "total_fee_display": "Total Fee: Rs. 57,000",
    "nic_passport": "198804901083",
    "education_background": "I have completed a MSc in sustainable process engineering at University of Moratuwa in 2025 and I completed BSc in Mineral Resources and technology specialized in mineral processing technology at Uva wellassa university Badulla in 2015.",
    "declaration": "1",
    "declaration2": "1"
}[2026-05-10 02:21:22] submit.php: POST data: [][2026-05-10 02:21:24] submit.php: POST data: [][2026-05-10 02:21:26] submit.php: POST data: [][2026-05-10 02:21:29] submit.php: POST data: [][2026-05-10 02:26:01] submit.php: POST data: {
    "name": "Kankanamge Chathura Nipun Kaushalya",
    "contact_number": "0740535212",
    "gmail": "chathura200313@gmail.com",
    "address": "",
    "regional_centre": "Head Office - Kaduwela",
    "course_type": "Certificate Level Courses",
    "course": "Certificate in Basic Gemmology",
    "course_fee_display": "Registration Fee: Rs. 2,000 | Course Fee: Rs. 50,000",
    "reg_fee": "2000",
    "course_fee": "50000",
    "total_fee_display": "Total Fee: Rs. 52,000",
    "nic_passport": "200007300837",
    "education_background": "",
    "declaration": "1",
    "declaration2": "1"
}[2026-05-11 09:43:30] submit.php: POST data: {
    "name": "D A I ATHUKORALA",
    "contact_number": "0713533462",
    "gmail": "ishara308@gmail.com",
    "address": "No. 43\/13, Singhe road, keragapokuna, wattala.",
    "regional_centre": "Head Office - Kaduwela",
    "course_type": "Certificate Level Courses",
    "course": "Certificate in Gem Cutting and Polishing (Weekend)",
    "course_fee_display": "Registration Fee: Rs. 2,000 | Course Fee: Rs. 35,000",
    "reg_fee": "2000",
    "course_fee": "35000",
    "total_fee_display": "Total Fee: Rs. 37,000",
    "nic_passport": "960770617V",
    "education_background": "O\/L",
    "declaration": "1",
    "declaration2": "1"
}[2026-05-12 11:33:06] submit.php: POST data: {
    "name": "Mudannayake Appuhamilage Nuwan Chamara",
    "contact_number": "0712380224",
    "gmail": "nuwanmudannayake@gmail.com",
    "address": "No 1\/75\r\nBanduragoda\r\nMirigama",
    "regional_centre": "Head Office - Kaduwela",
    "course_type": "Certificate Level Courses",
    "course": "Certificate in Geuda Heat Treatment",
    "course_fee_display": "Registration Fee: Rs. 2,000 | Course Fee: Rs. 55,000",
    "reg_fee": "2000",
    "course_fee": "55000",
    "total_fee_display": "Total Fee: Rs. 57,000",
    "nic_passport": "198804901083",
    "education_background": "I have completed a MSc in sustainable process Engineering at university of Moratuwa in 2025 and I have a BSc special degree in Mineral Resources and technology specialized in mineral processing technology at Uva Wellassa University Badulla.",
    "declaration": "1",
    "declaration2": "1"
}[2026-05-15 03:20:28] submit.php: POST data: [][2026-05-17 06:54:31] submit.php: POST data: {
    "name": "M. M. Madhushi Wijayasooriya ",
    "contact_number": "0772159225",
    "gmail": "madhushiwijayasooriya05@gmail.com",
    "address": "No. 357\/5, Embaraluwa South, Weliweriya ",
    "regional_centre": "Head Office - Kaduwela",
    "course_type": "Certificate Level Courses",
    "course": "Certificate in Gem Cutting and Polishing (NVQ 4)",
    "course_fee_display": "Registration Fee: Rs. 2,000 | Course Fee: Rs. 45,000",
    "reg_fee": "2000",
    "course_fee": "45000",
    "total_fee_display": "Total Fee: Rs. 47,000",
    "nic_passport": "200558603780",
    "education_background": "E. C. G. Advanced Level ",
    "declaration": "1",
    "declaration2": "1"
}[2026-05-17 09:07:43] submit.php: POST data: {
    "name": "Rathnabharana Kurana Acharige Malinda Lakshan ",
    "contact_number": "0788549729",
    "gmail": "malindalakshan23@gmail.com",
    "address": "No 28\/1 Wadumulla,dewalapola",
    "regional_centre": "Attanagalla",
    "course_type": "Certificate Level Courses",
    "course": "Certificate in Jewellery Manufacturing (NVQ 4)",
    "course_fee_display": "Registration Fee: Rs. 2,000 | Course Fee: Rs. 50,000",
    "reg_fee": "2000",
    "course_fee": "50000",
    "total_fee_display": "Total Fee: Rs. 52,000",
    "nic_passport": "199933612592",
    "education_background": "GCE O\/L",
    "declaration": "1",
    "declaration2": "1"
}[2026-05-17 09:10:58] submit.php: POST data: {
    "name": "Rathnabharana Kurana Acharige Malinda Lakshan ",
    "contact_number": "0788549729",
    "gmail": "malindalakshan23@gmail.com",
    "address": "No 28\/1 Wadumulla,dewalapola",
    "regional_centre": "Attanagalla",
    "course_type": "Certificate Level Courses",
    "course": "Certificate in Jewellery Manufacturing (NVQ 4)",
    "course_fee_display": "Registration Fee: Rs. 2,000 | Course Fee: Rs. 50,000",
    "reg_fee": "2000",
    "course_fee": "50000",
    "total_fee_display": "Total Fee: Rs. 52,000",
    "nic_passport": "199933612592",
    "education_background": "GCE O\/L",
    "declaration": "1",
    "declaration2": "1"
}[2026-05-17 11:20:18] submit.php: POST data: {
    "name": "Ranaweera Arachchilage Dona Kavindya Indumini Perera",
    "contact_number": "+94711707487",
    "gmail": "qavirera@icloud.com",
    "address": "106\/20, Goodshed Road, Ratnapura",
    "regional_centre": "Head Office - Kaduwela",
    "course_type": "Diploma Level Courses",
    "course": "Diploma in Jewellery Manufacturing and Designing Technology (NVQ 5)\/ Diploma in Professional Jewellery (Dip. PJSL)",
    "course_fee_display": "Registration Fee: Rs. 2,000 | Course Fee: Rs. 125,000",
    "reg_fee": "2000",
    "course_fee": "125000",
    "total_fee_display": "Total Fee: Rs. 127,000",
    "nic_passport": "P0237743",
    "education_background": "Bachelor of Science (Honours) in Management",
    "declaration": "1",
    "declaration2": "1"
}[2026-05-17 11:20:36] submit.php: POST data: [][2026-05-17 11:20:38] submit.php: POST data: [][2026-05-17 11:22:19] submit.php: POST data: {
    "name": "Ranaweera Arachchilage Dona Kavindya Indumini Perera",
    "contact_number": "+94711707487",
    "gmail": "qavirera@icloud.com",
    "address": "106\/20, Goodshed Road, Ratnapura",
    "regional_centre": "Head Office - Kaduwela",
    "course_type": "Diploma Level Courses",
    "course": "Diploma in Jewellery Manufacturing and Designing Technology (NVQ 5)\/ Diploma in Professional Jewellery (Dip. PJSL)",
    "course_fee_display": "Registration Fee: Rs. 2,000 | Course Fee: Rs. 125,000",
    "reg_fee": "2000",
    "course_fee": "125000",
    "total_fee_display": "Total Fee: Rs. 127,000",
    "nic_passport": "P0237743",
    "education_background": "Bachelor of Science (Honours) in Management",
    "declaration": "1",
    "declaration2": "1"
}[2026-05-17 11:38:40] submit.php: POST data: {
    "name": "Ranaweera Arachchilage Dona Kavindya Indumini Perera",
    "contact_number": "+94711707487",
    "gmail": "qavirera@icloud.com",
    "address": "106\/20, Goodshed Road, Ratnapura",
    "regional_centre": "Head Office - Kaduwela",
    "course_type": "Diploma Level Courses",
    "course": "Diploma in Jewellery Manufacturing and Designing Technology (NVQ 5)\/ Diploma in Professional Jewellery (Dip. PJSL)",
    "course_fee_display": "Registration Fee: Rs. 2,000 | Course Fee: Rs. 125,000",
    "reg_fee": "2000",
    "course_fee": "125000",
    "total_fee_display": "Total Fee: Rs. 127,000",
    "nic_passport": "P0237743",
    "education_background": "Bachelor of Science (Honours) in Management",
    "declaration": "1",
    "declaration2": "1"
}[2026-05-17 12:18:19] submit.php: POST data: [][2026-05-17 12:18:50] submit.php: POST data: [][2026-05-17 14:46:37] submit.php: POST data: {
    "name": "Rashmi Dinithya Rathnayake",
    "contact_number": "0716599769",
    "gmail": "rashmirathnayake2002@gmail.com",
    "address": "25\/7 , Korenailis Mawatha , Thalapathpitiya\r\nNugegoda",
    "regional_centre": "Head Office - Kaduwela",
    "course_type": "Diploma Level Courses",
    "course": "Diploma in Jewellery Manufacturing and Designing Technology (NVQ 5)\/ Diploma in Professional Jewellery (Dip. PJSL)",
    "course_fee_display": "Registration Fee: Rs. 2,000 | Course Fee: Rs. 125,000",
    "reg_fee": "2000",
    "course_fee": "125000",
    "total_fee_display": "Total Fee: Rs. 127,000",
    "nic_passport": "200252402659",
    "education_background": "I have successfully completed my G.C.E. Ordinary Level (O\/L) and Advanced Level (A\/L) examinations, and I am currently in the final year of my university studies.",
    "declaration": "1",
    "declaration2": "1"
}[2026-05-17 15:28:41] submit.php: POST data: [][2026-05-18 11:15:06] submit.php: POST data: [][2026-05-18 12:10:32] submit.php: POST data: [][2026-05-19 02:01:19] submit.php: POST data: {
    "name": "Koggala Maha Vidanage Thishakya Sachintha Pandukabhaya Silva",
    "contact_number": "0707612257",
    "gmail": "pandukabhaya2006@gmail.com",
    "address": "87, Earnest place, Laxapathiya , Moratuwa",
    "regional_centre": "Head Office - Kaduwela",
    "course_type": "Certificate Level Courses",
    "course": "Certificate in Jewellery Assaying and Hallmarking",
    "course_fee_display": "Registration Fee: Rs. 2,000 | Course Fee: Rs. 45,000",
    "reg_fee": "2000",
    "course_fee": "45000",
    "total_fee_display": "Total Fee: Rs. 47,000",
    "nic_passport": "200636003584",
    "education_background": "Advance level Bio stream",
    "declaration": "1",
    "declaration2": "1"
}[2026-05-19 05:46:54] submit.php: POST data: {
    "name": "Kusal Pasanjith",
    "contact_number": "0773238923",
    "gmail": "kusalpasanjith98@gmail.com",
    "address": "Kotte",
    "regional_centre": "Head Office - Kaduwela",
    "course_type": "Certificate Level Courses",
    "course": "Certificate in Gem Cutting and Polishing (NVQ 4)",
    "course_fee_display": "Registration Fee: Rs. 2,000 | Course Fee: Rs. 45,000",
    "reg_fee": "2000",
    "course_fee": "45000",
    "total_fee_display": "Total Fee: Rs. 47,000",
    "nic_passport": "983140467V",
    "education_background": "BEng Electrical Engineering ",
    "declaration": "1",
    "declaration2": "1"
}[2026-05-19 09:11:23] submit.php: POST data: {
    "name": "Tharindu Weeramanthri",
    "contact_number": "0777865965",
    "gmail": "tharindu865965@gmail.com",
    "address": "No.199, Averiyawatta, Alubomulla, Panadura ",
    "regional_centre": "Head Office - Kaduwela",
    "course_type": "Certificate Level Courses",
    "course": "Certificate in Gem Cutting and Polishing (NVQ 4)",
    "course_fee_display": "Registration Fee: Rs. 2,000 | Course Fee: Rs. 45,000",
    "reg_fee": "2000",
    "course_fee": "45000",
    "total_fee_display": "Total Fee: Rs. 47,000",
    "nic_passport": "862944356V",
    "education_background": "O\/L, A\/L, NDSM (SLIM)",
    "declaration": "1",
    "declaration2": "1"
}[2026-05-20 20:24:15] submit.php: POST data: [][2026-05-20 20:49:14] submit.php: POST data: [][2026-05-21 18:09:34] submit.php: POST data: [][2026-05-21 19:53:44] submit.php: POST data: [][2026-05-23 04:23:48] submit.php: POST data: {
    "name": "Mohan Philaman",
    "contact_number": "0757281155",
    "gmail": "allenphilaman07@gmail.com",
    "address": "1B\/F11\/U03 Siyapathsevana , Colombo 09",
    "regional_centre": "Head Office - Kaduwela",
    "course_type": "Certificate Level Courses",
    "course": "Certificate in Gemmology",
    "course_fee_display": "Registration Fee: Rs. 2,000 | Course Fee: Rs. 70,000",
    "reg_fee": "2000",
    "course_fee": "70000",
    "total_fee_display": "Total Fee: Rs. 72,000",
    "nic_passport": "199625102798",
    "education_background": "I have successfully completed my Ordinary level & Advance level",
    "declaration": "1",
    "declaration2": "1"
}[2026-05-24 06:34:45] submit.php: POST data: {
    "name": "Welikala Appuhamillage Dona Kaweesha Vidusarani Samaraweera",
    "contact_number": "0768529316 ",
    "gmail": "kaweesamaraweera@gmail.com",
    "address": "294,\r\nSamagi Mawatha,\r\nHewagama,\r\nKaduwela ",
    "regional_centre": "Head Office - Kaduwela",
    "course_type": "Diploma Level Courses",
    "course": "Diploma in Jewellery Manufacturing and Designing Technology (NVQ 5)\/ Diploma in Professional Jewellery (Dip. PJSL)",
    "course_fee_display": "Registration Fee: Rs. 2,000 | Course Fee: Rs. 125,000",
    "reg_fee": "2000",
    "course_fee": "125000",
    "total_fee_display": "Total Fee: Rs. 127,000",
    "nic_passport": "200558104495 ",
    "education_background": "I have  completed my G.C.E. Advanced Level (A\/L) examination with 3 'A' passes in Political Science, History, and Japanese Language. Additionally, I hold the Japanese Language Proficiency Test (JLPT) N3 qualification. Currently, I am a undergraduate student at the University of Colombo, pursuing a Bachelor of Arts (BA) Degree on weekdays, majoring in Economics, International Relations, and Communication & Creative Arts. ",
    "declaration": "1",
    "declaration2": "1"
}[2026-05-24 22:54:00] submit.php: POST data: {
    "name": "Tariq Ramzeen",
    "contact_number": "0705746846",
    "gmail": "tariqramzeen@gmail.com",
    "address": "Negombo",
    "regional_centre": "Head Office - Kaduwela",
    "course_type": "Certificate Level Courses",
    "course": "Certificate in Basic Gemmology",
    "course_fee_display": "Registration Fee: Rs. 2,000 | Course Fee: Rs. 50,000",
    "reg_fee": "2000",
    "course_fee": "50000",
    "total_fee_display": "Total Fee: Rs. 52,000",
    "nic_passport": "200431000667",
    "education_background": "University studying",
    "declaration": "1",
    "declaration2": "1"
}[2026-05-25 06:42:14] submit.php: POST data: {
    "name": "KAHAWALA DABARA KAPUGE PRAVEEN SANKALPA ",
    "contact_number": "0767629244",
    "gmail": "skariyawasam969@gmail.com",
    "address": "No.98\/B, Viharamawatha, Kothalawala,Kaduwela ",
    "regional_centre": "Head Office - Kaduwela",
    "course_type": "Certificate Level Courses",
    "course": "Certificate in Jewellery Manufacturing (NVQ 4)",
    "course_fee_display": "Registration Fee: Rs. 2,000 | Course Fee: Rs. 50,000",
    "reg_fee": "2000",
    "course_fee": "50000",
    "total_fee_display": "Total Fee: Rs. 52,000",
    "nic_passport": "199620000406",
    "education_background": "",
    "declaration": "1",
    "declaration2": "1"
}[2026-05-25 06:44:38] submit.php: POST data: {
    "name": "KAHAWALA DABARA KAPUGE PRAVEEN SANKALPA ",
    "contact_number": "0767629244",
    "gmail": "",
    "address": "",
    "regional_centre": "Head Office - Kaduwela",
    "course_type": "Certificate Level Courses",
    "course": "Certificate in Jewellery Manufacturing (NVQ 4)",
    "course_fee_display": "Registration Fee: Rs. 2,000 | Course Fee: Rs. 50,000",
    "reg_fee": "2000",
    "course_fee": "50000",
    "total_fee_display": "Total Fee: Rs. 52,000",
    "nic_passport": "199620000401",
    "education_background": "",
    "declaration": "1",
    "declaration2": "1"
}[2026-05-25 06:52:12] submit.php: POST data: {
    "name": "KAHAWALA DABARA KAPUGE PRAVEEN SANKALPA ",
    "contact_number": "0767629244",
    "gmail": "",
    "address": "98\/B, Viharamawatha,Kothalawala,Kaduwela ",
    "regional_centre": "Head Office - Kaduwela",
    "course_type": "Certificate Level Courses",
    "course": "Certificate in Jewellery Manufacturing (NVQ 4)",
    "course_fee_display": "Registration Fee: Rs. 2,000 | Course Fee: Rs. 50,000",
    "reg_fee": "2000",
    "course_fee": "50000",
    "total_fee_display": "Total Fee: Rs. 52,000",
    "nic_passport": "199620000401",
    "education_background": "",
    "declaration": "1",
    "declaration2": "1"
}[2026-05-25 17:23:02] submit.php: POST data: {
    "name": "Mayantha Jayawardena",
    "contact_number": "0714977770",
    "gmail": "mpjayawardena@gmail.com",
    "address": "202, \"Ramya\", Seelawimala Mawatha, Pore\r\nAthurugiriya",
    "regional_centre": "Head Office - Kaduwela",
    "course_type": "Certificate Level Courses",
    "course": "Certificate in Gemmology",
    "course_fee_display": "Registration Fee: Rs. 2,000 | Course Fee: Rs. 70,000",
    "reg_fee": "2000",
    "course_fee": "70000",
    "total_fee_display": "Total Fee: Rs. 72,000",
    "nic_passport": "199436603211",
    "education_background": "",
    "declaration": "1",
    "declaration2": "1"
}[2026-05-26 05:47:30] submit.php: POST data: {
    "name": "Umar Hamdhan",
    "contact_number": "0761499021",
    "gmail": "umarhamdhan23@gmail.com",
    "address": "A,130\/3\/2, Hondenigoda, Mawanella",
    "regional_centre": "Head Office - Kaduwela",
    "course_type": "Diploma Level Courses",
    "course": "Diploma in Jewellery Manufacturing and Designing Technology (NVQ 5)\/ Diploma in Professional Jewellery (Dip. PJSL)",
    "course_fee_display": "Registration Fee: Rs. 2,000 | Course Fee: Rs. 125,000",
    "reg_fee": "2000",
    "course_fee": "125000",
    "total_fee_display": "Total Fee: Rs. 127,000",
    "nic_passport": "200409401075",
    "education_background": "Undergraduate in bsc computer science, ANC Education visa Northwood university Michigan ",
    "declaration": "1",
    "declaration2": "1"
}[2026-05-27 07:02:55] submit.php: POST data: {
    "name": "Dilan Darshana",
    "contact_number": "0777153152",
    "gmail": "dilan.darshana@ikman.lk",
    "address": "",
    "regional_centre": "Head Office - Kaduwela",
    "course_type": "Certificate Level Courses",
    "course": "Certificate in Gem Cutting and Polishing (10 DAYS)",
    "course_fee_display": "Registration Fee: Rs. 2,000 | Course Fee: Rs. 14,000",
    "reg_fee": "2000",
    "course_fee": "14000",
    "total_fee_display": "Total Fee: Rs. 16,000",
    "nic_passport": "882794210V",
    "education_background": "Advanced Level",
    "declaration": "1",
    "declaration2": "1"
}[2026-05-27 09:16:14] submit.php: POST data: {
    "name": "Umar Hamdhan",
    "contact_number": "0761499021",
    "gmail": "umarhamdhan23@gmail.com",
    "address": "A,130\/3\/2, Hondenigoda, Mawanella",
    "regional_centre": "Head Office - Kaduwela",
    "course_type": "Diploma Level Courses",
    "course": "Diploma in Jewellery Manufacturing and Designing Technology (NVQ 5)\/ Diploma in Professional Jewellery (Dip. PJSL)",
    "course_fee_display": "Registration Fee: Rs. 2,000 | Course Fee: Rs. 125,000",
    "reg_fee": "2000",
    "course_fee": "125000",
    "total_fee_display": "Total Fee: Rs. 127,000",
    "nic_passport": "200409401075",
    "education_background": "Bsc Computer science, Northwood University Michigan, via ANC Education ",
    "declaration": "1",
    "declaration2": "1"
}[2026-05-27 18:21:32] submit.php: POST data: [][2026-05-27 18:24:50] submit.php: POST data: {
    "name": "Ranaweera Arachchilage Dona Kavindya Indumini Perera",
    "contact_number": "0711707487",
    "gmail": "kavindya88perera@gmail.com",
    "address": "106\/20, Goodshed Road, Ratnapura ",
    "regional_centre": "Head Office - Kaduwela",
    "course_type": "Diploma Level Courses",
    "course": "Diploma in Jewellery Manufacturing and Designing Technology (NVQ 5)\/ Diploma in Professional Jewellery (Dip. PJSL)",
    "course_fee_display": "Registration Fee: Rs. 2,000 | Course Fee: Rs. 125,000",
    "reg_fee": "2000",
    "course_fee": "125000",
    "total_fee_display": "Total Fee: Rs. 127,000",
    "nic_passport": "P0237743",
    "education_background": "Bachelor of Science (Honors) in Management - Second Class First Grade (GPA - 3.63)",
    "declaration": "1",
    "declaration2": "1"
}[2026-05-29 17:45:33] submit.php: POST data: {
    "name": "Iddamalgodage Don Ayesh Chathuranga",
    "contact_number": "0753468995",
    "gmail": "iddamalgodaayesh@gmail.com",
    "address": "No.146\r\nSamagipura\r\nRatnapura ",
    "regional_centre": "Ratnapura",
    "course_type": "Certificate Level Courses",
    "course": "Certificate in Geuda Heat Treatment",
    "course_fee_display": "Registration Fee: Rs. 2,000 | Course Fee: Rs. 55,000",
    "reg_fee": "2000",
    "course_fee": "55000",
    "total_fee_display": "Total Fee: Rs. 57,000",
    "nic_passport": "970312935V",
    "education_background": "Msc Business Administration USJP",
    "declaration": "1",
    "declaration2": "1"
}[2026-05-31 04:20:16] submit.php: POST data: {
    "name": "P.K Anuk sathsara pothupitiya",
    "contact_number": "0751380039",
    "gmail": "anukpothupitiya1@gmail.com",
    "address": "34\/1 Parakandeniya Imbulgoda",
    "regional_centre": "Head Office - Kaduwela",
    "course_type": "Certificate Level Courses",
    "course": "Certificate in Basic Gemmology",
    "course_fee_display": "Registration Fee: Rs. 2,000 | Course Fee: Rs. 50,000",
    "reg_fee": "2000",
    "course_fee": "50000",
    "total_fee_display": "Total Fee: Rs. 52,000",
    "nic_passport": "200810700127",
    "education_background": "O\/ls - 6As 3Cs and pending results in edexcel A\/Ls in commerce stream in st josephs college colombo 10",
    "declaration": "1",
    "declaration2": "1"
}[2026-05-31 06:00:25] submit.php: POST data: {
    "name": "Samadhi Wanigasekara",
    "contact_number": "0773156436",
    "gmail": "samadhiwanigasekara857@gmail.com",
    "address": "No.207\/06, Ranaviru gammanaya ,bodhirajagama ,ingirya",
    "regional_centre": "Head Office - Kaduwela",
    "course_type": "Certificate Level Courses",
    "course": "Certificate in Gemmology",
    "course_fee_display": "Registration Fee: Rs. 2,000 | Course Fee: Rs. 70,000",
    "reg_fee": "2000",
    "course_fee": "70000",
    "total_fee_display": "Total Fee: Rs. 72,000",
    "nic_passport": "200485202390",
    "education_background": "27 the district ranker of kaluthara district in art stream 2023\/2024 GCE A\/L Examination.\r\nUndergraduate of Faculty of Law, University of Colombo (2nd year)",
    "declaration": "1",
    "declaration2": "1"
}[2026-05-31 13:11:07] submit.php: POST data: {
    "name": "Sreekar",
    "contact_number": "+91 8074146783",
    "gmail": "ganjisreekar@gmail.com",
    "address": "Rajayogi Jewelers, saroornagar, kothapet, Hyderabad, 500035",
    "regional_centre": "Ratnapura (NYSC)",
    "course_type": "Certificate Level Courses",
    "course": "Certificate in Gem Cutting and Polishing (NVQ 4)",
    "course_fee_display": "Registration Fee: Rs. 2,000 | Course Fee: Rs. 45,000",
    "reg_fee": "2000",
    "course_fee": "45000",
    "total_fee_display": "Total Fee: Rs. 47,000",
    "nic_passport": "Z7150364",
    "education_background": "",
    "declaration": "1",
    "declaration2": "1"
}[2026-05-31 17:24:31] submit.php: POST data: {
    "name": "Pelenda Kapuge Manuka Prabhath madhuranga",
    "contact_number": "0767702870",
    "gmail": "manuka991@gmail.com",
    "address": "209A\/98, Taxila Sewana, Millewa, Horana",
    "regional_centre": "Ratnapura",
    "course_type": "Diploma Level Courses",
    "course": "Diploma in Professional Gemmology (Dip. PGSL)",
    "course_fee_display": "Registration Fee: Rs. 2,000 | Course Fee: Rs. 150,000",
    "reg_fee": "2000",
    "course_fee": "150000",
    "total_fee_display": "Total Fee: Rs. 152,000",
    "nic_passport": "910891294V",
    "education_background": "\"I am a highly experienced professional in the gemstone industry with over 10 years of hands-on expertise in the field. My deep involvement in the trade is further backed by a valid Gem Dealer License, which I have held for the past 4 years. My extensive background covers a decade of gemstone trading and market operations, demonstrating a proven track record of reliability and industry knowledge.\r\n\r\nIn addition to my professional experience, I completed my secondary education at Vidyartha College, Kandy, and have faced the G.C.E. Advanced Level examination.\"",
    "declaration": "1",
    "declaration2": "1"
}[2026-05-31 17:25:08] submit.php: POST data: {
    "name": "Pelenda Kapuge Manuka Prabhath madhuranga",
    "contact_number": "0767702870",
    "gmail": "manuka991@gmail.com",
    "address": "209A\/98, Taxila Sewana, Millewa, Horana",
    "regional_centre": "Ratnapura",
    "course_type": "Diploma Level Courses",
    "course": "Diploma in Professional Gemmology (Dip. PGSL)",
    "course_fee_display": "Registration Fee: Rs. 2,000 | Course Fee: Rs. 150,000",
    "reg_fee": "2000",
    "course_fee": "150000",
    "total_fee_display": "Total Fee: Rs. 152,000",
    "nic_passport": "910891294V",
    "education_background": "\"I am a highly experienced professional in the gemstone industry with over 10 years of hands-on expertise in the field. My deep involvement in the trade is further backed by a valid Gem Dealer License, which I have held for the past 4 years. My extensive background covers a decade of gemstone trading and market operations, demonstrating a proven track record of reliability and industry knowledge.\r\n\r\nIn addition to my professional experience, I completed my secondary education at Vidyartha College, Kandy, and have faced the G.C.E. Advanced Level examination.\"",
    "declaration": "1",
    "declaration2": "1"
}[2026-05-31 17:27:38] submit.php: POST data: {
    "name": "Pelenda Kapuge Manuka Prabhath madhuranga",
    "contact_number": "0767702870",
    "gmail": "manuka991@gmail.com",
    "address": "209A\/98, Taxila Sewana, Millewa, Horana",
    "regional_centre": "Ratnapura",
    "course_type": "Diploma Level Courses",
    "course": "Diploma in Professional Gemmology (Dip. PGSL)",
    "course_fee_display": "Registration Fee: Rs. 2,000 | Course Fee: Rs. 150,000",
    "reg_fee": "2000",
    "course_fee": "150000",
    "total_fee_display": "Total Fee: Rs. 152,000",
    "nic_passport": "910891294V",
    "education_background": "\"I am a highly experienced professional in the gemstone industry with over 10 years of hands-on expertise in the field. My deep involvement in the trade is further backed by a valid Gem Dealer License, which I have held for the past 4 years. My extensive background covers a decade of gemstone trading and market operations, demonstrating a proven track record of reliability and industry knowledge.\r\n\r\nIn addition to my professional experience, I completed my secondary education at Vidyartha College, Kandy, and have faced the G.C.E. Advanced Level examination.\"",
    "declaration": "1",
    "declaration2": "1"
}[2026-05-31 17:39:44] submit.php: POST data: {
    "name": "Pelenda Kapuge Manuka Prabhath madhuranga",
    "contact_number": "0767702870",
    "gmail": "manuka991@gmail.com",
    "address": "209A\/98, Taxila Sewana, Millewa, Horana",
    "regional_centre": "Ratnapura",
    "course_type": "Diploma Level Courses",
    "course": "Diploma in Professional Gemmology (Dip. PGSL)",
    "course_fee_display": "Registration Fee: Rs. 2,000 | Course Fee: Rs. 150,000",
    "reg_fee": "2000",
    "course_fee": "150000",
    "total_fee_display": "Total Fee: Rs. 152,000",
    "nic_passport": "910891294V",
    "education_background": "\"I am a highly experienced professional in the gemstone industry with over 10 years of hands-on expertise in the field. My deep involvement in the trade is further backed by a valid Gem Dealer License, which I have held for the past 4 years. My extensive background covers a decade of gemstone trading and market operations, demonstrating a proven track record of reliability and industry knowledge.\r\n\r\nIn addition to my professional experience, I completed my secondary education at Vidyartha College, Kandy, and have faced the G.C.E. Advanced Level examination.\"",
    "declaration": "1",
    "declaration2": "1"
}[2026-06-01 07:55:58] submit.php: POST data: [][2026-06-01 16:12:20] submit.php: POST data: {
    "name": "Supun piyumali  Jayawardhana ",
    "contact_number": "0715872271",
    "gmail": "dinesh.niranga8935@gmail.com",
    "address": "578\/1\r\nVijaya Mawatha \r\nIsurupura \r\nAnuradapura ",
    "regional_centre": "Naula",
    "course_type": "Certificate Level Courses",
    "course": "Certificate in Gem Cutting and Polishing (10 DAYS)",
    "course_fee_display": "Registration Fee: Rs. 2,000 | Course Fee: Rs. 14,000",
    "reg_fee": "2000",
    "course_fee": "14000",
    "total_fee_display": "Total Fee: Rs. 16,000",
    "nic_passport": "908253310V",
    "education_background": "Degree ",
    "declaration": "1",
    "declaration2": "1"
}[2026-06-02 10:44:56] submit.php: POST data: {
    "name": "Hetti Arachchi Gamage Udani Shanika",
    "contact_number": "+9471 3714555 (whatsApp only)",
    "gmail": "udani2323@gmail.com",
    "address": "No. 1\/15,\r\nMalimbada,\r\nPalatuwa,\r\nMatara,\r\nSri Lanka",
    "regional_centre": "Head Office - Kaduwela",
    "course_type": "Certificate Level Courses",
    "course": "Certificate in Gems and Jewellery Valuation and Marketing",
    "course_fee_display": "Registration Fee: Rs. 2,000 | Course Fee: Rs. 20,000",
    "reg_fee": "2000",
    "course_fee": "20000",
    "total_fee_display": "Total Fee: Rs. 22,000",
    "nic_passport": "199269803490",
    "education_background": "BSc (Hons) in Quantity Surveying",
    "declaration": "1",
    "declaration2": "1"
}[2026-06-02 10:47:21] submit.php: POST data: {
    "name": "Hetti Arachchi Gamage Udani Shanika",
    "contact_number": "0713714555",
    "gmail": "udani2323@gmail.com",
    "address": "No. 1\/15,\r\nMalimbada,\r\nPalatuwa,\r\nMatara,\r\nSri Lanka",
    "regional_centre": "Head Office - Kaduwela",
    "course_type": "Certificate Level Courses",
    "course": "Certificate in Gems and Jewellery Valuation and Marketing",
    "course_fee_display": "Registration Fee: Rs. 2,000 | Course Fee: Rs. 20,000",
    "reg_fee": "2000",
    "course_fee": "20000",
    "total_fee_display": "Total Fee: Rs. 22,000",
    "nic_passport": "199269803490",
    "education_background": "BSc (Hons) in Quantity Surveying",
    "declaration": "1",
    "declaration2": "1"
}[2026-06-03 06:24:43] submit.php: POST data: {
    "name": "Yohani Abeykoon",
    "contact_number": "0778439871",
    "gmail": "yohanii725@gmail.com",
    "address": "eeee\r\nereer",
    "regional_centre": "Head Office - Kaduwela",
    "course_type": "Certificate Level Courses",
    "course": "Certificate in Gemmology",
    "course_fee_display": "Registration Fee: Rs. 2,000 | Course Fee: Rs. 70,000",
    "reg_fee": "2000",
    "course_fee": "70000",
    "total_fee_display": "Total Fee: Rs. 72,000",
    "nic_passport": "1999999999",
    "education_background": "ertr",
    "declaration": "1",
    "declaration2": "1"
}[2026-06-03 15:05:21] submit.php: POST data: {
    "name": "Sathmi Tharushika Galagama",
    "contact_number": "0759392294",
    "gmail": "sathmitharushika24@gmail.com",
    "address": "No 30,Ambathannawaththa ,\r\nJambugahapaitiya,Kandy",
    "regional_centre": "Kandy",
    "course_type": "Certificate Level Courses",
    "course": "Certificate in Gemmology",
    "course_fee_display": "Registration Fee: Rs. 2,000 | Course Fee: Rs. 70,000",
    "reg_fee": "2000",
    "course_fee": "70000",
    "total_fee_display": "Total Fee: Rs. 72,000",
    "nic_passport": "200482500721",
    "education_background": "2021 Ordinary Level- Kandy Girls High School- 3B,4C,2S \r\n2023 Advance level -Kandy Girls High School- 1C,2S,1F\r\n2024 - ICBT Kandy Campus- International Diploma in English \r\n2025- ICBT Kandy Campus- Higher National Diploma in business management ",
    "declaration": "1",
    "declaration2": "1"
}[2026-06-04 06:26:35] submit.php: POST data: {
    "name": "Satkunanathan Sutharshan",
    "contact_number": "075434786",
    "gmail": "sutharshankanna04@gmail.com",
    "address": "Batticaloa",
    "regional_centre": "Head Office - Kaduwela",
    "course_type": "Certificate Level Courses",
    "course": "Certificate in Gemmology",
    "course_fee_display": "Registration Fee: Rs. 2,000 | Course Fee: Rs. 70,000",
    "reg_fee": "2000",
    "course_fee": "70000",
    "total_fee_display": "Total Fee: Rs. 72,000",
    "nic_passport": "920643523V",
    "education_background": "AL",
    "declaration": "1",
    "declaration2": "1"
}[2026-06-04 06:40:40] submit.php: POST data: {
    "name": "Yohani Abeykoon",
    "contact_number": "0778439871",
    "gmail": "yohanii725@gmail.com",
    "address": "",
    "regional_centre": "Head Office - Kaduwela",
    "course_type": "Certificate Level Courses",
    "course": "Certificate in Gemmology",
    "course_fee_display": "Registration Fee: Rs. 2,000 | Course Fee: Rs. 70,000",
    "reg_fee": "2000",
    "course_fee": "70000",
    "total_fee_display": "Total Fee: Rs. 72,000",
    "nic_passport": "1999999999",
    "education_background": "erer",
    "declaration": "1",
    "declaration2": "1"
}[2026-06-05 06:32:23] submit.php: POST data: {
    "name": "Abhayawicrama Kankanam Pathiranage Dileepa Daham Pehesara Abhayawicrama ",
    "contact_number": "0775320697",
    "gmail": "weerasinghedilrukshi28@gmail.com",
    "address": "329, Abhayabanda Mawatha, Heenkanda Watta ,Ihala Kosgama,, Kosgama",
    "regional_centre": "Head Office - Kaduwela",
    "course_type": "Certificate Level Courses",
    "course": "Certificate in Gemmology",
    "course_fee_display": "Registration Fee: Rs. 2,000 | Course Fee: Rs. 70,000",
    "reg_fee": "2000",
    "course_fee": "70000",
    "total_fee_display": "Total Fee: Rs. 72,000",
    "nic_passport": "200926403145"
}[2026-06-05 06:32:58] submit.php: POST data: {
    "name": "Abhayawicrama Kankanam Pathiranage Dileepa Daham Pehesara Abhayawicrama ",
    "contact_number": "0775320697",
    "gmail": "weerasinghedilrukshi28@gmail.com",
    "address": "329, Abhayabandara Mawatha, Heenkanda Watta ,Ihala Kosgama,, Kosgama",
    "regional_centre": "Head Office - Kaduwela",
    "course_type": "Certificate Level Courses",
    "course": "Certificate in Gemmology",
    "course_fee_display": "Registration Fee: Rs. 2,000 | Course Fee: Rs. 70,000",
    "reg_fee": "2000",
    "course_fee": "70000",
    "total_fee_display": "Total Fee: Rs. 72,000",
    "nic_passport": "200926403145",
    "education_background": "O\/l Pending Results ",
    "declaration": "1",
    "declaration2": "1"
}[2026-06-05 06:41:44] submit.php: POST data: {
    "name": "Abhayawicrama Kankanam Pathiranage Dileepa Daham pahasara Abhayawicrama ",
    "contact_number": "0775320697",
    "gmail": "weerasinghedilrukshi28@gmail.com",
    "address": "329 Ranaviru abaya bandara Mawatha Heenkanda watta Ihala Kosgama ",
    "regional_centre": "Head Office - Kaduwela",
    "course_type": "Certificate Level Courses",
    "course": "Certificate in Gemmology",
    "course_fee_display": "Registration Fee: Rs. 2,000 | Course Fee: Rs. 70,000",
    "reg_fee": "2000",
    "course_fee": "70000",
    "total_fee_display": "Total Fee: Rs. 72,000",
    "nic_passport": "200926403145",
    "education_background": "O\/L Pending Results ",
    "declaration": "1",
    "declaration2": "1"
}[2026-06-05 06:43:59] submit.php: POST data: {
    "name": "Abhayawicrama Kankanam Pathiranage Dileepa Daham pahasara Abhayawicrama ",
    "contact_number": "0775320697",
    "gmail": "weerasinghedilrukshi28@gmail.com",
    "address": "329 Ranaviru abaya bandara Mawatha Heenkanda watta Ihala Kosgama ",
    "regional_centre": "Head Office - Kaduwela",
    "course_type": "Certificate Level Courses",
    "course": "Certificate in Gemmology",
    "course_fee_display": "Registration Fee: Rs. 2,000 | Course Fee: Rs. 70,000",
    "reg_fee": "2000",
    "course_fee": "70000",
    "total_fee_display": "Total Fee: Rs. 72,000",
    "nic_passport": "200926403145",
    "education_background": "O\/L Pending Results ",
    "declaration": "1",
    "declaration2": "1"
}[2026-06-07 02:57:52] submit.php: POST data: {
    "name": "Gagan Hansaka",
    "contact_number": "0772290543",
    "gmail": "gaganhanz113@gmail.com",
    "address": "201\/4 , Captain Ashoka Idunil Peries Mw , Nalluruwa , Panadura",
    "regional_centre": "Head Office - Kaduwela",
    "course_type": "Certificate Level Courses",
    "course": "Certificate in Gemmology",
    "course_fee_display": "Registration Fee: Rs. 2,000 | Course Fee: Rs. 70,000",
    "reg_fee": "2000",
    "course_fee": "70000",
    "total_fee_display": "Total Fee: Rs. 72,000",
    "nic_passport": "200430800194",
    "education_background": "Second year undergraduate student in Nsbm Green University Homagama\r\n",
    "declaration": "1",
    "declaration2": "1"
}[2026-06-07 03:00:24] submit.php: POST data: {
    "name": "Gagan Hansaka",
    "contact_number": "0772290543",
    "gmail": "gaganhanz113@gmail.com",
    "address": "201\/4,Captain Ashoka Idunil Peries Mw,Nalluruwa,Panadura",
    "regional_centre": "Head Office - Kaduwela",
    "course_type": "Certificate Level Courses",
    "course": "Certificate in Gemmology",
    "course_fee_display": "Registration Fee: Rs. 2,000 | Course Fee: Rs. 70,000",
    "reg_fee": "2000",
    "course_fee": "70000",
    "total_fee_display": "Total Fee: Rs. 72,000",
    "nic_passport": "200430800194",
    "education_background": "Second year undergraduate student in Nsbm Green University Homagama",
    "declaration": "1",
    "declaration2": "1"
}[2026-06-07 03:06:18] submit.php: POST data: {
    "name": "Gagan Hansaka Ranavithanthri",
    "contact_number": "0772290543",
    "gmail": "gaganhanz113@gmail.com",
    "address": "201\/4,Captain Ashoka Idunil Peries Mw,Nalluruwa,Panadura",
    "regional_centre": "Head Office - Kaduwela",
    "course_type": "Certificate Level Courses",
    "course": "Certificate in Gemmology",
    "course_fee_display": "Registration Fee: Rs. 2,000 | Course Fee: Rs. 70,000",
    "reg_fee": "2000",
    "course_fee": "70000",
    "total_fee_display": "Total Fee: Rs. 72,000",
    "nic_passport": "200430800194",
    "education_background": "Second year undergraduate student in Nsbm Green University Homagama ",
    "declaration": "1",
    "declaration2": "1"
}[2026-06-07 08:31:29] submit.php: POST data: {
    "name": "Gagan Hansaka",
    "contact_number": "0772290543",
    "gmail": "gaganhanz113@gmail.com",
    "address": "201\/4,Captain Ashoka Peries Mw ,Nalluruwa,Panadura",
    "regional_centre": "Head Office - Kaduwela",
    "course_type": "Certificate Level Courses",
    "course": "Certificate in Gemmology",
    "course_fee_display": "Registration Fee: Rs. 2,000 | Course Fee: Rs. 70,000",
    "reg_fee": "2000",
    "course_fee": "70000",
    "total_fee_display": "Total Fee: Rs. 72,000",
    "nic_passport": "200430800194",
    "education_background": "Second year undergraduate student in Nsbm Green University Homagama",
    "declaration": "1",
    "declaration2": "1"
}[2026-06-08 07:40:41] submit.php: POST data: {
    "name": "charitha Siriwardana",
    "contact_number": "0716528428",
    "gmail": "charithasdesign@gmail.com",
    "address": "75\/5, pulinathalarama road ,magammana, ragama",
    "regional_centre": "Head Office - Kaduwela",
    "course_type": "Diploma Level Courses",
    "course": "Diploma in Professional Gemmology (Dip. PGSL)",
    "course_fee_display": "Registration Fee: Rs. 2,000 | Course Fee: Rs. 150,000",
    "reg_fee": "2000",
    "course_fee": "150000",
    "total_fee_display": "Total Fee: Rs. 152,000",
    "nic_passport": "890711081V",
    "education_background": "uk level 07 PDG in project management ",
    "declaration": "1",
    "declaration2": "1"
}[2026-06-09 03:04:04] submit.php: POST data: {
    "name": "lalith gunathilaka",
    "contact_number": "0706813783",
    "gmail": "lalith3838@gmail.com",
    "address": "No 418\/3, Panadura road, Horana ",
    "regional_centre": "Head Office - Kaduwela",
    "course_type": "Certificate Level Courses",
    "course": "Certificate in Gem Cutting and Polishing (10 DAYS)",
    "course_fee_display": "Registration Fee: Rs. 2,000 | Course Fee: Rs. 14,000",
    "reg_fee": "2000",
    "course_fee": "14000",
    "total_fee_display": "Total Fee: Rs. 16,000",
    "nic_passport": "833373552V",
    "education_background": "Advance Level ",
    "declaration": "1",
    "declaration2": "1"
}[2026-06-09 03:43:47] submit.php: POST data: {
    "name": "lalith gunathilaka",
    "contact_number": "0706813783",
    "gmail": "lalith3838@gmail.com",
    "address": "No 418\/3, Panadura road, Horana",
    "regional_centre": "Head Office - Kaduwela",
    "course_type": "Certificate Level Courses",
    "course": "Certificate in Gem Cutting and Polishing (10 DAYS)",
    "course_fee_display": "Registration Fee: Rs. 2,000 | Course Fee: Rs. 14,000",
    "reg_fee": "2000",
    "course_fee": "14000",
    "total_fee_display": "Total Fee: Rs. 16,000",
    "nic_passport": "833373552V",
    "education_background": "GCE Advance Level",
    "declaration": "1",
    "declaration2": "1"
}[2026-06-09 10:31:26] submit.php: POST data: {
    "name": "Amasha Lakshani Kumari Wijekoon",
    "contact_number": "0769144274",
    "gmail": "amashaw38@gmail.com",
    "address": "21\/1 Galamuna,\r\nManikhinna",
    "regional_centre": "Head Office - Kaduwela",
    "course_type": "Diploma Level Courses",
    "course": "Diploma in Professional Gemmology (Dip. PGSL)",
    "course_fee_display": "Registration Fee: Rs. 2,000 | Course Fee: Rs. 150,000",
    "reg_fee": "2000",
    "course_fee": "150000",
    "total_fee_display": "Total Fee: Rs. 152,000",
    "nic_passport": "200562304085",
    "education_background": "",
    "declaration": "1",
    "declaration2": "1"
}[2026-06-09 10:43:17] submit.php: POST data: {
    "name": "Amasha Lakshani Kumari Wijekoon",
    "contact_number": "0769144274",
    "gmail": "amashaw38@gmail.com",
    "address": "21\/1 Galamuna,\r\nManikhinna",
    "regional_centre": "Head Office - Kaduwela",
    "course_type": "Diploma Level Courses",
    "course": "Diploma in Professional Gemmology (Dip. PGSL)",
    "course_fee_display": "Registration Fee: Rs. 2,000 | Course Fee: Rs. 150,000",
    "reg_fee": "2000",
    "course_fee": "150000",
    "total_fee_display": "Total Fee: Rs. 152,000",
    "nic_passport": "200562304085",
    "education_background": "A\/L",
    "declaration": "1",
    "declaration2": "1"
}[2026-06-09 10:43:53] submit.php: POST data: {
    "name": "Amasha Lakshani Kumari Wijekoon",
    "contact_number": "0769144274",
    "gmail": "amashaw38@gmail.com",
    "address": "21\/1 Galamuna,\r\nManikhinna",
    "regional_centre": "Head Office - Kaduwela",
    "course_type": "Diploma Level Courses",
    "course": "Diploma in Professional Gemmology (Dip. PGSL)",
    "course_fee_display": "Registration Fee: Rs. 2,000 | Course Fee: Rs. 150,000",
    "reg_fee": "2000",
    "course_fee": "150000",
    "total_fee_display": "Total Fee: Rs. 152,000",
    "nic_passport": "200562304085",
    "education_background": "A\/L",
    "declaration": "1",
    "declaration2": "1"
}[2026-06-10 04:57:25] submit.php: POST data: {
    "name": "Isanka Thalagala",
    "contact_number": "0713616749",
    "gmail": "isanka.thalagala@gmail.com",
    "address": "286,Abethissa Mawatha,Oruwala,Athurugiriya,10150",
    "regional_centre": "Head Office - Kaduwela",
    "course_type": "Certificate Level Courses",
    "course": "Certificate in Gems and Jewellery Valuation and Marketing",
    "course_fee_display": "Registration Fee: Rs. 2,000 | Course Fee: Rs. 20,000",
    "reg_fee": "2000",
    "course_fee": "20000",
    "total_fee_display": "Total Fee: Rs. 22,000",
    "nic_passport": "N11168402",
    "education_background": "BSc.(hons) in Information Technology.\r\n12+ years of experiance in Software Engineering",
    "declaration": "1",
    "declaration2": "1"
}[2026-06-10 06:04:51] submit.php: POST data: {
    "name": "Jason Daniel Subandriyo",
    "contact_number": "0771233683",
    "gmail": "silverines.muller@gmail.com",
    "address": "10A 121 Residences\r\nNo 121 Park Road\r\nColombo 5",
    "regional_centre": "Head Office - Kaduwela",
    "course_type": "Certificate Level Courses",
    "course": "Certificate in Basic Gemmology",
    "course_fee_display": "Registration Fee: Rs. 2,000 | Course Fee: Rs. 50,000",
    "reg_fee": "2000",
    "course_fee": "50000",
    "total_fee_display": "Total Fee: Rs. 52,000",
    "nic_passport": "199816910276",
    "education_background": "Graduate in International Business ",
    "declaration": "1",
    "declaration2": "1"
}[2026-06-10 06:32:03] submit.php: POST data: {
    "name": "yasindu madhumal",
    "contact_number": "0711711668",
    "gmail": "yasinmadumal01@gmail.com",
    "address": "699\/B udhagama mugunamale,Balangoda",
    "regional_centre": "Ratnapura",
    "course_type": "Certificate Level Courses",
    "course": "Certificate in Gemmology",
    "course_fee_display": "Registration Fee: Rs. 2,000 | Course Fee: Rs. 70,000",
    "reg_fee": "2000",
    "course_fee": "70000",
    "total_fee_display": "Total Fee: Rs. 72,000",
    "nic_passport": "200129501790",
    "education_background": "",
    "declaration": "1",
    "declaration2": "1"
}[2026-06-10 06:56:41] submit.php: POST data: {
    "name": "Moshan Manusha",
    "contact_number": "0785556089",
    "gmail": "moshanmanushaofficial@gmail.com",
    "address": "50\/2 Galapallearawa,Mugunamalaya,Balangoda",
    "regional_centre": "Ratnapura",
    "course_type": "Certificate Level Courses",
    "course": "Certificate in Gemmology",
    "course_fee_display": "Registration Fee: Rs. 2,000 | Course Fee: Rs. 70,000",
    "reg_fee": "2000",
    "course_fee": "70000",
    "total_fee_display": "Total Fee: Rs. 72,000",
    "nic_passport": "199922602125",
    "education_background": "",
    "declaration": "1",
    "declaration2": "1"
}[2026-06-10 14:56:02] submit.php: POST data: {
    "name": "Mohamed Afran",
    "contact_number": "0770496976",
    "gmail": "afranceo123@gmail.com",
    "address": "30\/6, Dippitawattha, Welipenna",
    "regional_centre": "Head Office - Kaduwela",
    "course_type": "Diploma Level Courses",
    "course": "Diploma in Professional Gemmology (Dip. PGSL)",
    "course_fee_display": "Registration Fee: Rs. 2,000 | Course Fee: Rs. 150,000",
    "reg_fee": "2000",
    "course_fee": "150000",
    "total_fee_display": "Total Fee: Rs. 152,000",
    "nic_passport": "200333712254",
    "education_background": "1. Successfully completed G.C.E O\/L.\r\n2. Successfully completed Diploma in Business Management.\r\n3. Have got 1 year industrial experience.",
    "declaration": "1",
    "declaration2": "1"
}[2026-06-11 20:21:54] submit.php: POST data: {
    "name": "Abhaya wikrama kankanam Pathiranage Dileepa daham pahasara abhayawikrama",
    "contact_number": "0743213912",
    "gmail": "dilipdahamtech0@gmail.com",
    "address": "329\/ Ranaviru abaya bandara mawatha heen Kanda waththa ihala kosgama",
    "regional_centre": "Head Office - Kaduwela",
    "course_type": "Certificate Level Courses",
    "course": "Certificate in Gemmology",
    "course_fee_display": "Registration Fee: Rs. 2,000 | Course Fee: Rs. 70,000",
    "reg_fee": "2000",
    "course_fee": "70000",
    "total_fee_display": "Total Fee: Rs. 72,000",
    "nic_passport": "200926403145",
    "education_background": "O\/L pending results ",
    "declaration": "1",
    "declaration2": "1"
}[2026-06-12 18:40:48] submit.php: POST data: {
    "name": "Amasha Lakshani Kumari Wijekoon",
    "contact_number": "0769144274",
    "gmail": "amashaw38@gmail.com",
    "address": "21\/1 Galamuna,\r\nManikhinna",
    "regional_centre": "Head Office - Kaduwela",
    "course_type": "Diploma Level Courses",
    "course": "Diploma in Professional Gemmology (Dip. PGSL)",
    "course_fee_display": "Registration Fee: Rs. 2,000 | Course Fee: Rs. 150,000",
    "reg_fee": "2000",
    "course_fee": "150000",
    "total_fee_display": "Total Fee: Rs. 152,000",
    "nic_passport": "200562304085",
    "education_background": "A\/L",
    "declaration": "1",
    "declaration2": "1"
}[2026-06-12 18:46:24] submit.php: POST data: {
    "name": "Amasha Lakshani Kumari Wijekoon",
    "contact_number": "0769144274",
    "gmail": "amashaw38@gmail.com",
    "address": "21\/1 Galamuna,\r\nManikhinna",
    "regional_centre": "Kandy",
    "course_type": "Certificate Level Courses",
    "course": "Certificate in Basic Gemmology",
    "course_fee_display": "Registration Fee: Rs. 2,000 | Course Fee: Rs. 50,000",
    "reg_fee": "2000",
    "course_fee": "50000",
    "total_fee_display": "Total Fee: Rs. 52,000",
    "nic_passport": "20056234085",
    "education_background": "A\/L",
    "declaration": "1",
    "declaration2": "1"
}[2026-06-12 18:46:33] submit.php: POST data: {
    "name": "Amasha Lakshani Kumari Wijekoon",
    "contact_number": "0769144274",
    "gmail": "amashaw38@gmail.com",
    "address": "21\/1 Galamuna,\r\nManikhinna",
    "regional_centre": "Kandy",
    "course_type": "Certificate Level Courses",
    "course": "Certificate in Basic Gemmology",
    "course_fee_display": "Registration Fee: Rs. 2,000 | Course Fee: Rs. 50,000",
    "reg_fee": "2000",
    "course_fee": "50000",
    "total_fee_display": "Total Fee: Rs. 52,000",
    "nic_passport": "20056234085",
    "education_background": "A\/L",
    "declaration": "1",
    "declaration2": "1"
}[2026-06-14 07:22:44] submit.php: POST data: {
    "name": "W.M palitha kumara ",
    "contact_number": "0777372302",
    "gmail": "palithakumaramw@gmail.com",
    "address": "184\/52 Ambagamuwa Road,Nawalapitiya",
    "regional_centre": "Kandy",
    "course_type": "Certificate Level Courses",
    "course": "Certificate in Basic Gemmology",
    "course_fee_display": "Registration Fee: Rs. 2,000 | Course Fee: Rs. 50,000",
    "reg_fee": "2000",
    "course_fee": "50000",
    "total_fee_display": "Total Fee: Rs. 52,000",
    "nic_passport": "198510201094",
    "education_background": "MBA(London metropolitan University-UK)\r\nPost graduate Diploma in markerting SLIM ",
    "declaration": "1",
    "declaration2": "1"
}[2026-06-14 07:42:37] submit.php: POST data: {
    "name": "W.M palitha kumara ",
    "contact_number": "0777372302",
    "gmail": "palithakumaramw@gmail.com",
    "address": "184\/52 Ambagamuwa Road,Nawalapitiya",
    "regional_centre": "Kandy",
    "course_type": "Certificate Level Courses",
    "course": "Certificate in Basic Gemmology",
    "course_fee_display": "Registration Fee: Rs. 2,000 | Course Fee: Rs. 50,000",
    "reg_fee": "2000",
    "course_fee": "50000",
    "total_fee_display": "Total Fee: Rs. 52,000",
    "nic_passport": "198510201094",
    "education_background": "MBA(London metropolitan University-UK)\r\nPost graduate Diploma in markerting SLIM ",
    "declaration": "1",
    "declaration2": "1"
}[2026-06-16 07:03:27] submit.php: POST data: {
    "name": "Wickramasinghe Mudiyanselage Darshani Piyumali Wickramasinghe ",
    "contact_number": "0772773429",
    "gmail": "piyumaliwickramasinghe816@gmail.com",
    "address": "Atubedda waththa, Koongamuwa, Mawanella",
    "regional_centre": "Head Office - Kaduwela",
    "course_type": "Certificate Level Courses",
    "course": "Certificate in Gemmology",
    "course_fee_display": "Registration Fee: Rs. 2,000 | Course Fee: Rs. 70,000",
    "reg_fee": "2000",
    "course_fee": "70000",
    "total_fee_display": "Total Fee: Rs. 72,000",
    "nic_passport": "199872901478",
    "education_background": "Bachelor's degree in Biosystems Technology, specializing in Food Science and Technology \r\nDiploma in Quality Management. \r\nCurrently, I'm pursuing certificates in capital markets and work as an Investment Advisor in the equity market at Senfin Securities Ltd.",
    "declaration": "1",
    "declaration2": "1"
}[2026-06-17 14:12:36] submit.php: POST data: {
    "name": "Najmath Nasreen",
    "contact_number": "0772313008",
    "gmail": "najmathmohamed@gmail.com",
    "address": "22\/a darga road,china fort,beruwala",
    "regional_centre": "Head Office - Kaduwela",
    "course_type": "Certificate Level Courses",
    "course": "Certificate in Geuda Heat Treatment",
    "course_fee_display": "Registration Fee: Rs. 2,000 | Course Fee: Rs. 55,000",
    "reg_fee": "2000",
    "course_fee": "55000",
    "total_fee_display": "Total Fee: Rs. 57,000",
    "nic_passport": "960253477v",
    "education_background": "",
    "declaration": "1",
    "declaration2": "1"
}[2026-06-17 14:19:10] submit.php: POST data: {
    "name": "Jananjaya Lakshan",
    "contact_number": "0789315057",
    "gmail": "jananjaya.lakshan@gmail.com",
    "address": "230\/2 Sri Pada Mawatha Godigamuwa ratnapura",
    "regional_centre": "Ratnapura",
    "course_type": "Certificate Level Courses",
    "course": "Certificate in Gem Cutting and Polishing (Weekend)",
    "course_fee_display": "Registration Fee: Rs. 2,000 | Course Fee: Rs. 35,000",
    "reg_fee": "2000",
    "course_fee": "35000",
    "total_fee_display": "Total Fee: Rs. 37,000",
    "nic_passport": "200228800379",
    "education_background": "",
    "declaration": "1",
    "declaration2": "1"
}[2026-06-18 09:34:22] submit.php: POST data: {
    "name": "W.M palitha kumara ",
    "contact_number": "0777372302",
    "gmail": "palithakumaramw@gmail.com",
    "address": "Keselgamu  kanday ,vidulipura ",
    "regional_centre": "Kandy",
    "course_type": "Certificate Level Courses",
    "course": "Certificate in Basic Gemmology",
    "course_fee_display": "Registration Fee: Rs. 2,000 | Course Fee: Rs. 50,000",
    "reg_fee": "2000",
    "course_fee": "50000",
    "total_fee_display": "Total Fee: Rs. 52,000",
    "nic_passport": "198510201094",
    "education_background": "MBA (LONDON METROPOLITAN CAMPAS UK)\r\nPOST GRUDAT DIPLOMA IN MARKERING (SLIM)",
    "declaration": "1",
    "declaration2": "1"
}[2026-06-20 06:25:54] submit.php: POST data: {
    "name": "Dilip daham",
    "contact_number": "0743213912",
    "gmail": "dilipdahamnxt@gmail.com",
    "address": "329\/ Ranaviru abaya bandara mawatha heen Kanda waththa ihala kosgama",
    "regional_centre": "Head Office - Kaduwela",
    "course_type": "Certificate Level Courses",
    "course": "Certificate in Gemmology",
    "course_fee_display": "Registration Fee: Rs. 2,000 | Course Fee: Rs. 70,000",
    "reg_fee": "2000",
    "course_fee": "70000",
    "total_fee_display": "Total Fee: Rs. 72,000",
    "nic_passport": "200926403145",
    "education_background": "O\/L student ",
    "declaration": "1",
    "declaration2": "1"
}[2026-06-20 07:25:44] submit.php: POST data: {
    "name": "Ganesha murthi niwvithan ",
    "contact_number": "0751124924",
    "gmail": "nisvinisvithan71@gmail.com",
    "address": "180\/31 leyars broadway, Colombo 14",
    "regional_centre": "Maradana",
    "course_type": "Certificate Level Courses",
    "course": "Certificate in Gem Cutting and Polishing (NVQ 3)",
    "course_fee_display": "Registration Fee: Rs. 2,000 | Course Fee: Rs. 35,000",
    "reg_fee": "2000",
    "course_fee": "35000",
    "total_fee_display": "Total Fee: Rs. 37,000",
    "nic_passport": "200918503324",
    "education_background": "",
    "declaration": "1",
    "declaration2": "1"
}[2026-06-20 11:29:26] submit.php: POST data: {
    "name": "Dasanayake Lekamlage Chathuri Erangika Dasanayake ",
    "contact_number": "0713007316",
    "gmail": "chath.dasanayake@gmail.com",
    "address": "413,\r\nEpitawala \r\nKiriella ",
    "regional_centre": "Ratnapura",
    "course_type": "Certificate Level Courses",
    "course": "Certificate in Geuda Heat Treatment",
    "course_fee_display": "Registration Fee: Rs. 2,000 | Course Fee: Rs. 55,000",
    "reg_fee": "2000",
    "course_fee": "55000",
    "total_fee_display": "Total Fee: Rs. 57,000",
    "nic_passport": "198964700450",
    "education_background": "",
    "declaration": "1",
    "declaration2": "1"
}[2026-06-21 05:41:34] submit.php: POST data: {
    "name": "Shuhaib Mohamed",
    "contact_number": "0772111792",
    "gmail": "zshuhaib1@gmail.com",
    "address": "269\/5 Pasyala",
    "regional_centre": "Maradana",
    "course_type": "Certificate Level Courses",
    "course": "Certificate in Gem Cutting and Polishing (NVQ 3)",
    "course_fee_display": "Registration Fee: Rs. 2,000 | Course Fee: Rs. 35,000",
    "reg_fee": "2000",
    "course_fee": "35000",
    "total_fee_display": "Total Fee: Rs. 37,000",
    "nic_passport": "199719400913",
    "education_background": "I\u2019m currently working as assistant accountant ",
    "declaration": "1",
    "declaration2": "1"
}[2026-06-21 11:05:58] submit.php: POST data: {
    "name": "Mohammed Ameen Mohammed Iqram",
    "contact_number": "0706440039",
    "gmail": "iqramameen328@gmail.com",
    "address": "28\/11 Jiffry moulana mawatha\r\nKalutara south",
    "regional_centre": "Maradana",
    "course_type": "Certificate Level Courses",
    "course": "Certificate in Gem Cutting and Polishing (NVQ 4)",
    "course_fee_display": "Registration Fee: Rs. 2,000 | Course Fee: Rs. 45,000",
    "reg_fee": "2000",
    "course_fee": "45000",
    "total_fee_display": "Total Fee: Rs. 47,000",
    "nic_passport": "200832201823",
    "education_background": "O\/L completed \r\nCertificate in basic gemology completed",
    "declaration": "1",
    "declaration2": "1"
}[2026-06-21 11:17:49] submit.php: POST data: {
    "name": "Mohammed Ameen Mohammed Iqram",
    "contact_number": "0706440039",
    "gmail": "iqramameen328@gmail.com",
    "address": "20\/11Jiffry moulana mawatha kalutara south",
    "regional_centre": "Maradana",
    "course_type": "Certificate Level Courses",
    "course": "Certificate in Gem Cutting and Polishing (NVQ 4)",
    "course_fee_display": "Registration Fee: Rs. 2,000 | Course Fee: Rs. 45,000",
    "reg_fee": "2000",
    "course_fee": "45000",
    "total_fee_display": "Total Fee: Rs. 47,000",
    "nic_passport": "200832201823",
    "education_background": "O\/L completed \r\nCertificate in basic Gemology \r\n",
    "declaration": "1",
    "declaration2": "1"
}[2026-06-21 11:32:09] submit.php: POST data: {
    "name": "BANGALAWE GEDARA FAIZER MOHAMMED AFLAL AHAMED ",
    "contact_number": "+94766683232",
    "gmail": "globalafrgemandjewellers@gmail.com",
    "address": "285 yahalathenna junction yahalathenna ",
    "regional_centre": "Kandy",
    "course_type": "Certificate Level Courses",
    "course": "Certificate in Jewellery Manufacturing (NVQ 3)",
    "course_fee_display": "Registration Fee: Rs. 2,000 | Course Fee: Rs. 20,000",
    "reg_fee": "2000",
    "course_fee": "20000",
    "total_fee_display": "Total Fee: Rs. 22,000",
    "nic_passport": "200733404374",
    "education_background": "O\/L only",
    "declaration": "1",
    "declaration2": "1"
}[2026-06-21 11:38:40] submit.php: POST data: {
    "name": "Mohammed Ameen Mohammed Iqram",
    "contact_number": "0706440039",
    "gmail": "iqramameen328@gmail.com",
    "address": "28\/11 Jiffry moulana mawatha \r\nKalutara south",
    "regional_centre": "Maradana",
    "course_type": "Certificate Level Courses",
    "course": "Certificate in Gem Cutting and Polishing (NVQ 4)",
    "course_fee_display": "Registration Fee: Rs. 2,000 | Course Fee: Rs. 45,000",
    "reg_fee": "2000",
    "course_fee": "45000",
    "total_fee_display": "Total Fee: Rs. 47,000",
    "nic_passport": "200832201823",
    "education_background": "O\/L completed \r\nCertificate in basic Gemology ",
    "declaration": "1",
    "declaration2": "1"
}[2026-06-22 05:09:00] submit.php: POST data: {
    "name": "Nadeer naleef",
    "contact_number": "0770627876",
    "gmail": "nnaleef95@gmail.com",
    "address": "213\/8,kanuketiya ,monnekulama.",
    "regional_centre": "Head Office - Kaduwela",
    "course_type": "Certificate Level Courses",
    "course": "Certificate in Computer Aided Jewellery Designing and Manufacturing (CAD\/CAM)",
    "course_fee_display": "Registration Fee: Rs. 2,000 | Course Fee: Rs. 60,000",
    "reg_fee": "2000",
    "course_fee": "60000",
    "total_fee_display": "Total Fee: Rs. 62,000",
    "nic_passport": "200607101149",
    "education_background": "A\/L three passes",
    "declaration": "1",
    "declaration2": "1"
}[2026-06-22 08:12:20] submit.php: POST data: {
    "name": "Imesh Anjana Hanwella",
    "contact_number": "0768682328",
    "gmail": "imeshanjanahanwella@gmail.com",
    "address": "No.225\/10A,Thambili Uyana,Hirana,Panadura",
    "regional_centre": "Head Office - Kaduwela",
    "course_type": "Diploma Level Courses",
    "course": "Diploma in Professional Gemmology (Dip. PGSL)",
    "course_fee_display": "Registration Fee: Rs. 2,000 | Course Fee: Rs. 150,000",
    "reg_fee": "2000",
    "course_fee": "150000",
    "total_fee_display": "Total Fee: Rs. 152,000",
    "nic_passport": "980403157v",
    "education_background": "Passed GCE A\/Ls\r\nCompleted the Gemmology Certificate course in Kaduwela GJRTI 2025-26",
    "declaration": "1",
    "declaration2": "1"
}[2026-06-22 16:34:59] submit.php: POST data: {
    "name": "Godamadiththe Gedara Sindoopa Anuradha Maduldeniya",
    "contact_number": "0766262832",
    "gmail": "anuradhamaduldeniya@gmail.com",
    "address": "No,6\/B Galmatiyawa North,Kanthale",
    "regional_centre": "Kandy",
    "course_type": "Certificate Level Courses",
    "course": "Certificate in Jewellery Designing (Manual)",
    "course_fee_display": "Registration Fee: Rs. 2,000 | Course Fee: Rs. 43,000",
    "reg_fee": "2000",
    "course_fee": "43000",
    "total_fee_display": "Total Fee: Rs. 45,000",
    "nic_passport": "200926600260",
    "education_background": "G.C.E O\/L",
    "declaration": "1",
    "declaration2": "1"
}[2026-06-23 05:34:22] submit.php: POST data: {
    "name": "Adambarage indika Thomas De Alwis",
    "contact_number": "0713555555",
    "gmail": "indikad777@yahoo.com",
    "address": "No 18 2\/1 \r\n25th Lane \r\nColombo 07",
    "regional_centre": "Head Office - Kaduwela",
    "course_type": "Certificate Level Courses",
    "course": "Certificate in Basic Gemmology",
    "course_fee_display": "Registration Fee: Rs. 2,000 | Course Fee: Rs. 50,000",
    "reg_fee": "2000",
    "course_fee": "50000",
    "total_fee_display": "Total Fee: Rs. 52,000",
    "nic_passport": "842510260v",
    "education_background": "",
    "declaration": "1",
    "declaration2": "1"
}[2026-06-24 09:57:57] submit.php: POST data: {
    "name": "Sasindu Rashmika",
    "contact_number": "0710603353",
    "gmail": "sasindurashmika94@gmail.com",
    "address": "69\/2 nambapana,ingiriya ",
    "regional_centre": "Head Office - Kaduwela",
    "course_type": "Certificate Level Courses",
    "course": "Certificate in Gemmology",
    "course_fee_display": "Registration Fee: Rs. 2,000 | Course Fee: Rs. 70,000",
    "reg_fee": "2000",
    "course_fee": "70000",
    "total_fee_display": "Total Fee: Rs. 72,000",
    "nic_passport": "200416601610",
    "education_background": "O\/L\r\nA\/L",
    "declaration": "1",
    "declaration2": "1"
}[2026-06-25 05:40:16] submit.php: POST data: {
    "name": "Chathuri Dasanayake ",
    "contact_number": "0713007316",
    "gmail": "chath.dasanayake@gmail.com",
    "address": "413,\r\nEpitawala \r\nKiriella ",
    "regional_centre": "Ratnapura",
    "course_type": "Certificate Level Courses",
    "course": "Certificate in Geuda Heat Treatment",
    "course_fee_display": "Registration Fee: Rs. 2,000 | Course Fee: Rs. 55,000",
    "reg_fee": "2000",
    "course_fee": "55000",
    "total_fee_display": "Total Fee: Rs. 57,000",
    "nic_passport": "198964700450",
    "education_background": "",
    "declaration": "1",
    "declaration2": "1"
}[2026-06-25 05:45:59] submit.php: POST data: {
    "name": "MIRISAGE THARUSHA RAHUL CHAMODYA FERNANDO",
    "contact_number": "0763856565",
    "gmail": "tharusharahul@gmail.com",
    "address": "683\/A,Japamala Mawatha \r\nWennappuwa\r\n61170",
    "regional_centre": "Head Office - Kaduwela",
    "course_type": "Certificate Level Courses",
    "course": "Certificate in Gems and Jewellery Valuation and Marketing",
    "course_fee_display": "Registration Fee: Rs. 2,000 | Course Fee: Rs. 20,000",
    "reg_fee": "2000",
    "course_fee": "20000",
    "total_fee_display": "Total Fee: Rs. 22,000",
    "nic_passport": "200309313417",
    "education_background": "O\/!L & A\/L",
    "declaration": "1",
    "declaration2": "1"
}[2026-06-25 10:24:01] submit.php: POST data: {
    "name": "Ruwan Jayarathne",
    "contact_number": "0777250146",
    "gmail": "ruwanwlr@gmail.com",
    "address": "Wennappuwa",
    "regional_centre": "Head Office - Kaduwela",
    "course_type": "Certificate Level Courses",
    "course": "Certificate in Gem Cutting and Polishing (10 DAYS)",
    "course_fee_display": "Registration Fee: Rs. 2,000 | Course Fee: Rs. 14,000",
    "reg_fee": "2000",
    "course_fee": "14000",
    "total_fee_display": "Total Fee: Rs. 16,000",
    "nic_passport": "197812702957",
    "education_background": "GCE A\/L",
    "declaration": "1",
    "declaration2": "1"
}[2026-06-25 18:17:53] submit.php: POST data: {
    "name": "HERATH H M K M",
    "contact_number": "0716668478",
    "gmail": "kherath34@gmail.com",
    "address": "155 3rd lane, Gamunu Peddesa, Aluth Malkaduwawa, Kurunegala",
    "regional_centre": "Head Office - Kaduwela",
    "course_type": "Diploma Level Courses",
    "course": "Diploma in Professional Gemmology (Dip. PGSL)",
    "course_fee_display": "Registration Fee: Rs. 2,000 | Course Fee: Rs. 150,000",
    "reg_fee": "2000",
    "course_fee": "150000",
    "total_fee_display": "Total Fee: Rs. 152,000",
    "nic_passport": "893052232V",
    "education_background": "BVSc Hons, BCS PGD(UK)",
    "declaration": "1",
    "declaration2": "1"
}[2026-06-26 05:09:12] submit.php: POST data: {
    "name": "Benthara Liyanage Kavindu Gimhana",
    "contact_number": "0788614679",
    "gmail": "gimhanakavindu19@gmail.com",
    "address": "1\/88, Gane Araba , Beruwala ",
    "regional_centre": "Head Office - Kaduwela",
    "course_type": "Certificate Level Courses",
    "course": "Certificate in Jewellery Casting and Electro Plating",
    "course_fee_display": "Registration Fee: Rs. 2,000 | Course Fee: Rs. 50,000",
    "reg_fee": "2000",
    "course_fee": "50000",
    "total_fee_display": "Total Fee: Rs. 52,000",
    "nic_passport": "200007400603",
    "education_background": "O\/l , A\/L , Graduated Gemologist At Uom",
    "declaration": "1",
    "declaration2": "1"
}[2026-06-26 05:09:25] submit.php: POST data: {
    "name": "Benthara Liyanage Kavindu Gimhana",
    "contact_number": "0788614679",
    "gmail": "gimhanakavindu19@gmail.com",
    "address": "1\/88, Gane Araba , Beruwala ",
    "regional_centre": "Head Office - Kaduwela",
    "course_type": "Certificate Level Courses",
    "course": "Certificate in Jewellery Casting and Electro Plating",
    "course_fee_display": "Registration Fee: Rs. 2,000 | Course Fee: Rs. 50,000",
    "reg_fee": "2000",
    "course_fee": "50000",
    "total_fee_display": "Total Fee: Rs. 52,000",
    "nic_passport": "200007400603",
    "education_background": "O\/l , A\/L , Graduated Gemologist At Uom",
    "declaration": "1",
    "declaration2": "1"
}[2026-06-26 05:28:32] submit.php: POST data: {
    "name": "Benthara Liyanage Kavindu Gimhana",
    "contact_number": "0788614679",
    "gmail": "gimhanakavindu19@gmail.com",
    "address": "1\/88,Gane Araba, Beruwala ",
    "regional_centre": "Head Office - Kaduwela",
    "course_type": "Certificate Level Courses",
    "course": "Certificate in Jewellery Casting and Electro Plating",
    "course_fee_display": "Registration Fee: Rs. 2,000 | Course Fee: Rs. 50,000",
    "reg_fee": "2000",
    "course_fee": "50000",
    "total_fee_display": "Total Fee: Rs. 52,000",
    "nic_passport": "200007400603",
    "education_background": "O\/L,A\/L, Graduated Gemologist At Uom",
    "declaration": "1",
    "declaration2": "1"
}[2026-06-26 05:32:16] submit.php: POST data: {
    "name": "Benthara Liyanage Kavindu Gimhana",
    "contact_number": "0788614679",
    "gmail": "gimhanakavindu19@gmail.com",
    "address": "1\/88, Gane Araba , Beruwala ",
    "regional_centre": "Head Office - Kaduwela",
    "course_type": "Certificate Level Courses",
    "course": "Certificate in Jewellery Casting and Electro Plating",
    "course_fee_display": "Registration Fee: Rs. 2,000 | Course Fee: Rs. 50,000",
    "reg_fee": "2000",
    "course_fee": "50000",
    "total_fee_display": "Total Fee: Rs. 52,000",
    "nic_passport": "200007400603",
    "education_background": "O\/L ,A\/L , Graduated Gemologist at Uom",
    "declaration": "1",
    "declaration2": "1"
}[2026-06-26 05:33:36] submit.php: POST data: {
    "name": "Benthara Liyanage Kavindu Gimhana",
    "contact_number": "0788614679",
    "gmail": "gimhanakavindu19@gmail.com",
    "address": "1\/88, Gane Araba , Beruwala ",
    "regional_centre": "Head Office - Kaduwela",
    "course_type": "Certificate Level Courses",
    "course": "Certificate in Jewellery Casting and Electro Plating",
    "course_fee_display": "Registration Fee: Rs. 2,000 | Course Fee: Rs. 50,000",
    "reg_fee": "2000",
    "course_fee": "50000",
    "total_fee_display": "Total Fee: Rs. 52,000",
    "nic_passport": "200007400603",
    "education_background": "O\/L ,A\/L , Graduated Gemologist at Uom",
    "declaration": "1",
    "declaration2": "1"
}[2026-06-26 05:40:02] submit.php: POST data: {
    "name": "Benthara Liyanage Kavindu Gimhana",
    "contact_number": "0788614679",
    "gmail": "gimhanakavindu19@gmail.com",
    "address": "1\/88, Gane Araba, Beruwala ",
    "regional_centre": "Head Office - Kaduwela",
    "course_type": "Certificate Level Courses",
    "course": "Certificate in Jewellery Casting and Electro Plating",
    "course_fee_display": "Registration Fee: Rs. 2,000 | Course Fee: Rs. 50,000",
    "reg_fee": "2000",
    "course_fee": "50000",
    "total_fee_display": "Total Fee: Rs. 52,000",
    "nic_passport": "200007400603",
    "education_background": "O\/L , A\/L , Graduated Gemologist At Uom",
    "declaration": "1",
    "declaration2": "1"
}[2026-06-26 08:12:30] submit.php: POST data: {
    "name": "M F Azim",
    "contact_number": "0768378118",
    "gmail": "19871987cool@gmail.com",
    "address": "",
    "regional_centre": "Head Office - Kaduwela",
    "course_type": "Certificate Level Courses",
    "course": "Certificate in Gem Cutting and Polishing (Weekend)",
    "course_fee_display": "Registration Fee: Rs. 2,000 | Course Fee: Rs. 35,000",
    "reg_fee": "2000",
    "course_fee": "35000",
    "total_fee_display": "Total Fee: Rs. 37,000",
    "nic_passport": "870680821V",
    "education_background": "",
    "declaration": "1",
    "declaration2": "1"
}[2026-06-26 12:16:59] submit.php: POST data: {
    "name": "Benthara Liyanage Kavindu Gimhana",
    "contact_number": "0788614679",
    "gmail": "gimhanakavindu19@gmail.com",
    "address": "1\/88, Gane Araba, Beruwala ",
    "regional_centre": "Head Office - Kaduwela",
    "course_type": "Certificate Level Courses",
    "course": "Certificate in Jewellery Casting and Electro Plating",
    "course_fee_display": "Registration Fee: Rs. 2,000 | Course Fee: Rs. 50,000",
    "reg_fee": "2000",
    "course_fee": "50000",
    "total_fee_display": "Total Fee: Rs. 52,000",
    "nic_passport": "200007400603",
    "education_background": "O\/L , A\/L , Graduated Gemologist At Uom",
    "declaration": "1",
    "declaration2": "1"
}[2026-06-27 05:56:03] submit.php: POST data: {
    "name": "K.A.D Gayashan Gunathilake",
    "contact_number": "0777320753",
    "gmail": "kadgayashan@gmail.com",
    "address": "No.491\/C,\r\nPannila,\r\nRuggahawila",
    "regional_centre": "Head Office - Kaduwela",
    "course_type": "Certificate Level Courses",
    "course": "Certificate in Gemmology",
    "course_fee_display": "Registration Fee: Rs. 2,000 | Course Fee: Rs. 70,000",
    "reg_fee": "2000",
    "course_fee": "70000",
    "total_fee_display": "Total Fee: Rs. 72,000",
    "nic_passport": "N6824800",
    "education_background": "BSc Eng",
    "declaration": "1",
    "declaration2": "1"
}[2026-06-27 09:33:15] submit.php: POST data: {
    "name": "Danasekara Mudiyanselage Praneeth Shehanga Navod Bandara",
    "contact_number": "0740205237",
    "gmail": "praneethbandara1@gmail.com",
    "address": "No 354\/d\r\nPremadasa Lane\r\nMallagolla\r\nNaula",
    "regional_centre": "Kandy",
    "course_type": "Certificate Level Courses",
    "course": "Certificate in Basic Gemmology",
    "course_fee_display": "Registration Fee: Rs. 2,000 | Course Fee: Rs. 50,000",
    "reg_fee": "2000",
    "course_fee": "50000",
    "total_fee_display": "Total Fee: Rs. 52,000",
    "nic_passport": "982351111V",
    "education_background": "Advanced level passed in science stream",
    "declaration": "1",
    "declaration2": "1"
}[2026-06-27 09:35:16] submit.php: POST data: {
    "name": "Danasekara Mudiyanselage Praneeth Shehanga Navod Bandara",
    "contact_number": "0740205237",
    "gmail": "praneethbandara1@gmail.com",
    "address": "Premadasa Lane\r\nMallagolla\r\nNaula",
    "regional_centre": "Kandy",
    "course_type": "Certificate Level Courses",
    "course": "Certificate in Basic Gemmology",
    "course_fee_display": "Registration Fee: Rs. 2,000 | Course Fee: Rs. 50,000",
    "reg_fee": "2000",
    "course_fee": "50000",
    "total_fee_display": "Total Fee: Rs. 52,000",
    "nic_passport": "982351111V",
    "education_background": "A\/l passed in science stream",
    "declaration": "1",
    "declaration2": "1"
}[2026-06-27 09:36:55] submit.php: POST data: {
    "name": "Danasekara Mudiyanselage Praneeth Shehanga Navod Bandara",
    "contact_number": "0740205237",
    "gmail": "praneethbandara1@gmail.com",
    "address": "Premadasa Lane\r\nMallagolla\r\nNaula",
    "regional_centre": "Kandy",
    "course_type": "Certificate Level Courses",
    "course": "Certificate in Basic Gemmology",
    "course_fee_display": "Registration Fee: Rs. 2,000 | Course Fee: Rs. 50,000",
    "reg_fee": "2000",
    "course_fee": "50000",
    "total_fee_display": "Total Fee: Rs. 52,000",
    "nic_passport": "982351111V",
    "education_background": "A\/l passed",
    "declaration": "1",
    "declaration2": "1"
}[2026-06-27 09:37:11] submit.php: POST data: {
    "name": "Danasekara Mudiyanselage Praneeth Shehanga Navod Bandara",
    "contact_number": "0740205237",
    "gmail": "praneethbandara1@gmail.com",
    "address": "Premadasa Lane\r\nMallagolla\r\nNaula",
    "regional_centre": "Kandy",
    "course_type": "Certificate Level Courses",
    "course": "Certificate in Basic Gemmology",
    "course_fee_display": "Registration Fee: Rs. 2,000 | Course Fee: Rs. 50,000",
    "reg_fee": "2000",
    "course_fee": "50000",
    "total_fee_display": "Total Fee: Rs. 52,000",
    "nic_passport": "982351111V",
    "education_background": "A\/l passed",
    "declaration": "1",
    "declaration2": "1"
}[2026-06-27 09:37:36] submit.php: POST data: {
    "name": "Danasekara Mudiyanselage Praneeth Shehanga Navod Bandara",
    "contact_number": "0740205237",
    "gmail": "praneethbandara1@gmail.com",
    "address": "Premadasa Lane\r\nMallagolla\r\nNaula",
    "regional_centre": "Kandy",
    "course_type": "Certificate Level Courses",
    "course": "Certificate in Basic Gemmology",
    "course_fee_display": "Registration Fee: Rs. 2,000 | Course Fee: Rs. 50,000",
    "reg_fee": "2000",
    "course_fee": "50000",
    "total_fee_display": "Total Fee: Rs. 52,000",
    "nic_passport": "982351111V",
    "education_background": "A\/l passed",
    "declaration": "1",
    "declaration2": "1"
}[2026-06-27 09:42:21] submit.php: POST data: {
    "name": "Danasekara Mudiyanselage Praneeth Shehanga Navod Bandara",
    "contact_number": "0740205237",
    "gmail": "praneethbandara1@gmail.com",
    "address": "Premadasa Lane\r\nMallagolla",
    "regional_centre": "Kandy",
    "course_type": "Certificate Level Courses",
    "course": "Certificate in Basic Gemmology",
    "course_fee_display": "Registration Fee: Rs. 2,000 | Course Fee: Rs. 50,000",
    "reg_fee": "2000",
    "course_fee": "50000",
    "total_fee_display": "Total Fee: Rs. 52,000",
    "nic_passport": "982351111V",
    "education_background": "",
    "declaration": "1",
    "declaration2": "1"
}[2026-06-28 06:48:51] submit.php: POST data: {
    "name": "Chathuri Dasanayake ",
    "contact_number": "0713007316",
    "gmail": "chath.dasanayake@gmail.com",
    "address": "413\r\nEpitawala \r\nKiKiriella ",
    "regional_centre": "Ratnapura",
    "course_type": "Certificate Level Courses",
    "course": "Certificate in Geuda Heat Treatment",
    "course_fee_display": "Registration Fee: Rs. 2,000 | Course Fee: Rs. 55,000",
    "reg_fee": "2000",
    "course_fee": "55000",
    "total_fee_display": "Total Fee: Rs. 57,000",
    "nic_passport": "198964700450",
    "education_background": "",
    "declaration": "1",
    "declaration2": "1"
}[2026-06-28 11:56:58] submit.php: POST data: {
    "name": "Denan Olin Vanderslott",
    "contact_number": "0777755887",
    "gmail": "denan.olin@gmail.com",
    "address": "487\/3\/3, d d kulathunga mawatha, makumbura, pannipitiya.",
    "regional_centre": "Head Office - Kaduwela",
    "course_type": "Certificate Level Courses",
    "course": "Certificate in Gemmology",
    "course_fee_display": "Registration Fee: Rs. 2,000 | Course Fee: Rs. 70,000",
    "reg_fee": "2000",
    "course_fee": "70000",
    "total_fee_display": "Total Fee: Rs. 72,000",
    "nic_passport": "199031402960",
    "education_background": "Bsc (hons) degree in computing\r\nBTEC HND in computing and system development.",
    "declaration": "1",
    "declaration2": "1"
}[2026-06-28 12:03:19] submit.php: POST data: {
    "name": "Denan Olin Vanderslott",
    "contact_number": "0777755887",
    "gmail": "denan.olin@gmail.com",
    "address": "487\/3\/3, d d kulathunga mawatha, makumbura, pannipitiya.",
    "regional_centre": "Head Office - Kaduwela",
    "course_type": "Certificate Level Courses",
    "course": "Certificate in Gem Cutting and Polishing (Weekend)",
    "course_fee_display": "Registration Fee: Rs. 2,000 | Course Fee: Rs. 35,000",
    "reg_fee": "2000",
    "course_fee": "35000",
    "total_fee_display": "Total Fee: Rs. 37,000",
    "nic_passport": "199031402960",
    "education_background": "Bsc (hons) degree in computing\r\nBTEC HND in computing and system development",
    "declaration": "1",
    "declaration2": "1"
}[2026-06-28 12:11:26] submit.php: POST data: {
    "name": "Denan Olin Vanderslott",
    "contact_number": "0777755887",
    "gmail": "denan.olin@gmail.com",
    "address": "487\/3\/3, d d kulathunga mawatha, makumbura, pannipitiya.",
    "regional_centre": "Head Office - Kaduwela",
    "course_type": "Diploma Level Courses",
    "course": "Diploma in Professional Gemmology (Dip. PGSL)",
    "course_fee_display": "Registration Fee: Rs. 2,000 | Course Fee: Rs. 150,000",
    "reg_fee": "2000",
    "course_fee": "150000",
    "total_fee_display": "Total Fee: Rs. 152,000",
    "nic_passport": "199031402960",
    "education_background": "Bsc (hons) degree in computing\r\nBTEC HND in computing and system development",
    "declaration": "1",
    "declaration2": "1"
}[2026-06-29 06:00:08] submit.php: POST data: {
    "name": "Manawaththalage Sameera Dishan Suranga",
    "contact_number": "0711803158",
    "gmail": "sameeradishan@gmail.com",
    "address": "No53\r\nSchool lane \r\nNewtown \r\nRatnapura",
    "regional_centre": "Ratnapura",
    "course_type": "Certificate Level Courses",
    "course": "Certificate in Basic Gemmology",
    "course_fee_display": "Registration Fee: Rs. 2,000 | Course Fee: Rs. 50,000",
    "reg_fee": "2000",
    "course_fee": "50000",
    "total_fee_display": "Total Fee: Rs. 52,000",
    "nic_passport": "883133722V",
    "education_background": "Degree \r\nLLB",
    "declaration": "1",
    "declaration2": "1"
}[2026-06-29 21:30:18] submit.php: POST data: {
    "name": "Shuhaib Mohamed",
    "contact_number": "0772111792",
    "gmail": "zshuhaib1@gmail.com",
    "address": "269\/5 Nambuluwa,\r\nPasyala.",
    "regional_centre": "Head Office - Kaduwela",
    "course_type": "Diploma Level Courses",
    "course": "Diploma in Professional Gemmology (Dip. PGSL)",
    "course_fee_display": "Registration Fee: Rs. 2,000 | Course Fee: Rs. 150,000",
    "reg_fee": "2000",
    "course_fee": "150000",
    "total_fee_display": "Total Fee: Rs. 152,000",
    "nic_passport": "199710400913",
    "education_background": "GCE A\/L commerce stream pass \r\n",
    "declaration": "1",
    "declaration2": "1"
}[2026-06-29 22:19:01] submit.php: POST data: {
    "name": "Alessandra Orano",
    "contact_number": "+352691288241",
    "gmail": "alessandra.orano@hotmail.it",
    "address": "Luxembourg",
    "regional_centre": "Ratnapura",
    "course_type": "Certificate Level Courses",
    "course": "Certificate in Gem Cutting and Polishing (10 DAYS)",
    "course_fee_display": "Registration Fee: Rs. 2,000 | Course Fee: Rs. 14,000",
    "reg_fee": "2000",
    "course_fee": "14000",
    "total_fee_display": "Total Fee: Rs. 16,000",
    "nic_passport": "YB1019398",
    "education_background": "Business.  ",
    "declaration": "1",
    "declaration2": "1"
}[2026-06-29 22:19:02] submit.php: POST data: {
    "name": "Alessandra Orano",
    "contact_number": "+352691288241",
    "gmail": "alessandra.orano@hotmail.it",
    "address": "Luxembourg",
    "regional_centre": "Ratnapura",
    "course_type": "Certificate Level Courses",
    "course": "Certificate in Gem Cutting and Polishing (10 DAYS)",
    "course_fee_display": "Registration Fee: Rs. 2,000 | Course Fee: Rs. 14,000",
    "reg_fee": "2000",
    "course_fee": "14000",
    "total_fee_display": "Total Fee: Rs. 16,000",
    "nic_passport": "YB1019398",
    "education_background": "Business.  ",
    "declaration": "1",
    "declaration2": "1"
}[2026-06-29 22:19:39] submit.php: POST data: {
    "name": "Alessandra Orano",
    "contact_number": "+352691288241",
    "gmail": "alessandra.orano@hotmail.it",
    "address": "Luxembourg",
    "regional_centre": "Ratnapura",
    "course_type": "Certificate Level Courses",
    "course": "Certificate in Gem Cutting and Polishing (10 DAYS)",
    "course_fee_display": "Registration Fee: Rs. 2,000 | Course Fee: Rs. 14,000",
    "reg_fee": "2000",
    "course_fee": "14000",
    "total_fee_display": "Total Fee: Rs. 16,000",
    "nic_passport": "YB1019398",
    "education_background": "Business.  ",
    "declaration": "1",
    "declaration2": "1"
}[2026-06-29 22:20:19] submit.php: POST data: {
    "name": "Alessandra Orano",
    "contact_number": "+352691288241",
    "gmail": "alessandra.orano@hotmail.it",
    "address": "Luxembourg",
    "regional_centre": "Ratnapura",
    "course_type": "Certificate Level Courses",
    "course": "Certificate in Gem Cutting and Polishing (10 DAYS)",
    "course_fee_display": "Registration Fee: Rs. 2,000 | Course Fee: Rs. 14,000",
    "reg_fee": "2000",
    "course_fee": "14000",
    "total_fee_display": "Total Fee: Rs. 16,000",
    "nic_passport": "YB1019398",
    "education_background": "Business.  ",
    "declaration": "1",
    "declaration2": "1"
}[2026-06-29 22:21:01] submit.php: POST data: {
    "name": "Alessandra Orano",
    "contact_number": "+352691288241",
    "gmail": "alessandra.orano@hotmail.it",
    "address": "Luxembourg",
    "regional_centre": "Ratnapura",
    "course_type": "Certificate Level Courses",
    "course": "Certificate in Gem Cutting and Polishing (10 DAYS)",
    "course_fee_display": "Registration Fee: Rs. 2,000 | Course Fee: Rs. 14,000",
    "reg_fee": "2000",
    "course_fee": "14000",
    "total_fee_display": "Total Fee: Rs. 16,000",
    "nic_passport": "YB1019398",
    "education_background": "Business.  ",
    "declaration": "1",
    "declaration2": "1"
}[2026-06-30 05:36:43] submit.php: POST data: {
    "name": "laktharu dananjaya",
    "contact_number": "0726190692",
    "gmail": "dananjayarabuwella00@gmail.com",
    "address": "j\/17\/2 New Town digana",
    "regional_centre": "Kandy",
    "course_type": "Certificate Level Courses",
    "course": "Certificate in Gem Cutting and Polishing (NVQ 3)",
    "course_fee_display": "Registration Fee: Rs. 2,000 | Course Fee: Rs. 35,000",
    "reg_fee": "2000",
    "course_fee": "35000",
    "total_fee_display": "Total Fee: Rs. 37,000",
    "nic_passport": "200526504993",
    "education_background": "a\/l maths stream CCS",
    "declaration": "1",
    "declaration2": "1"
}[2026-06-30 11:23:55] submit.php: POST data: {
    "name": "K A D N Gayashan Gunathilake",
    "contact_number": "0714012070",
    "gmail": "kadgayashan@gmail.com",
    "address": "NO.491\/C ,Pannila, Ruggahavila",
    "regional_centre": "Head Office - Kaduwela",
    "course_type": "Certificate Level Courses",
    "course": "Certificate in Gemmology",
    "course_fee_display": "Registration Fee: Rs. 2,000 | Course Fee: Rs. 70,000",
    "reg_fee": "2000",
    "course_fee": "70000",
    "total_fee_display": "Total Fee: Rs. 72,000",
    "nic_passport": "N6824800",
    "education_background": "Bsc Engineering Degree\r\nUniversity of peradeniya",
    "declaration": "1",
    "declaration2": "1"
}[2026-06-30 22:54:21] submit.php: POST data: {
    "name": "R.M.R.Chamara",
    "contact_number": "0775759455",
    "gmail": "chamararmr50@gmail.com",
    "address": "Aluththanna,Keppetipola",
    "regional_centre": "Ratnapura",
    "course_type": "Diploma Level Courses",
    "course": "Diploma in Professional Gemmology (Dip. PGSL)",
    "course_fee_display": "Registration Fee: Rs. 2,000 | Course Fee: Rs. 150,000",
    "reg_fee": "2000",
    "course_fee": "150000",
    "total_fee_display": "Total Fee: Rs. 152,000",
    "nic_passport": "200028800330",
    "education_background": "I am fallowedHND Agriculture Praduction Technology",
    "declaration": "1",
    "declaration2": "1"
}[2026-07-02 05:25:54] submit.php: POST data: {
    "name": "Muthuthanthirige Amara Sulochana Fernando ",
    "contact_number": "071 9573515 ",
    "gmail": "amarafernando302@gmail.com",
    "address": "149\/14 Bandaranaike mw Ratnapura ",
    "regional_centre": "Ratnapura",
    "course_type": "Certificate Level Courses",
    "course": "Certificate in Geuda Heat Treatment",
    "course_fee_display": "Registration Fee: Rs. 2,000 | Course Fee: Rs. 55,000",
    "reg_fee": "2000",
    "course_fee": "55000",
    "total_fee_display": "Total Fee: Rs. 57,000",
    "nic_passport": "198165403827",
    "education_background": "",
    "declaration": "1",
    "declaration2": "1"
}[2026-07-02 05:41:23] submit.php: POST data: [][2026-07-02 05:50:47] submit.php: POST data: [][2026-07-02 08:26:25] submit.php: POST data: {
    "name": "Umar Hamdhan",
    "contact_number": "0761499021",
    "gmail": "umarhamdhan23@gmail.com",
    "address": "A,130\/3\/2, Hondenigoda, Mawanella",
    "regional_centre": "Head Office - Kaduwela",
    "course_type": "Diploma Level Courses",
    "course": "Diploma in Jewellery Manufacturing and Designing Technology (NVQ 5)\/ Diploma in Professional Jewellery (Dip. PJSL)",
    "course_fee_display": "Registration Fee: Rs. 2,000 | Course Fee: Rs. 125,000",
    "reg_fee": "2000",
    "course_fee": "125000",
    "total_fee_display": "Total Fee: Rs. 127,000",
    "nic_passport": "200409401075",
    "education_background": "Bsc in computer science (Northwood University, Michigan)",
    "declaration": "1",
    "declaration2": "1"
}[2026-07-02 08:35:35] submit.php: POST data: {
    "name": "Umar Hamdhan",
    "contact_number": "0761499021",
    "gmail": "umarhamdhan23@gmail.com",
    "address": "A,130\/3\/2, Hondenigoda, Mawanella",
    "regional_centre": "Head Office - Kaduwela",
    "course_type": "Diploma Level Courses",
    "course": "Diploma in Jewellery Manufacturing and Designing Technology (NVQ 5)\/ Diploma in Professional Jewellery (Dip. PJSL)",
    "course_fee_display": "Registration Fee: Rs. 2,000 | Course Fee: Rs. 125,000",
    "reg_fee": "2000",
    "course_fee": "125000",
    "total_fee_display": "Total Fee: Rs. 127,000",
    "nic_passport": "200409401075",
    "education_background": "Bsc in Computer Science (Northwood University, Michigan)",
    "declaration": "1",
    "declaration2": "1"
}[2026-07-02 12:41:02] submit.php: POST data: {
    "name": "Vandana Hettiaratchi ",
    "contact_number": "+94702251758",
    "gmail": "gemtraillab@gmail.com",
    "address": "20\/3 Pipe Road\r\nKoswatta \r\nBattaramulla, 10120 ",
    "regional_centre": "Head Office - Kaduwela",
    "course_type": "Certificate Level Courses",
    "course": "Certificate in Blended Gemmology",
    "course_fee_display": "Registration Fee: Rs. 2,000 | Course Fee: Rs. 70,000",
    "reg_fee": "2000",
    "course_fee": "70000",
    "total_fee_display": "Total Fee: Rs. 72,000",
    "nic_passport": "199581504437",
    "education_background": "A-Level Gateway College, Colombo\r\nBachelor International Relations at Royal Institute, Colombo \r\nMaster of Science Development Studies at Lund University (Sweden) \r\n\r\n",
    "declaration": "1",
    "declaration2": "1"
}[2026-07-02 18:05:29] submit.php: POST data: {
    "name": "Vihan nadith pattividhana",
    "contact_number": "0763254372",
    "gmail": "vihanpattividhana@gmail.com",
    "address": "No 03, siri sunanda nahimi mawatha ,batagolla , yakkala",
    "regional_centre": "Head Office - Kaduwela",
    "course_type": "Certificate Level Courses",
    "course": "Certificate in Jewellery Casting and Electro Plating",
    "course_fee_display": "Registration Fee: Rs. 2,000 | Course Fee: Rs. 50,000",
    "reg_fee": "2000",
    "course_fee": "50000",
    "total_fee_display": "Total Fee: Rs. 52,000",
    "nic_passport": "200118003941",
    "education_background": "Done a\/l ",
    "declaration": "1",
    "declaration2": "1"
}[2026-07-02 19:59:04] submit.php: POST data: {
    "name": "Weerakkodi Mudiyanselage Thilina Lakmal Bandara ",
    "contact_number": "0767678506",
    "gmail": "thilinalakmalbandara@gmail.com",
    "address": "",
    "regional_centre": "Head Office - Kaduwela",
    "course_type": "Certificate Level Courses",
    "course": "Certificate in Jewellery Assaying and Hallmarking",
    "course_fee_display": "Registration Fee: Rs. 2,000 | Course Fee: Rs. 45,000",
    "reg_fee": "2000",
    "course_fee": "45000",
    "total_fee_display": "Total Fee: Rs. 47,000",
    "nic_passport": "910632655V",
    "education_background": "Successfully completed AL",
    "declaration": "1",
    "declaration2": "1"
}[2026-07-03 02:37:35] submit.php: POST data: {
    "name": "Warnakulsuriya Praveen Heshan Fernando",
    "contact_number": "0761183239",
    "gmail": "praveenheshanfdo@gmail.com",
    "address": "511\/02\/A, St. Anne's Road, Daluwakotuwa, Kochchikade",
    "regional_centre": "Head Office - Kaduwela",
    "course_type": "Certificate Level Courses",
    "course": "Certificate in Jewellery Casting and Electro Plating",
    "course_fee_display": "Registration Fee: Rs. 2,000 | Course Fee: Rs. 50,000",
    "reg_fee": "2000",
    "course_fee": "50000",
    "total_fee_display": "Total Fee: Rs. 52,000",
    "nic_passport": "851631992V",
    "education_background": "A\/L Mathematics 2004\r\nBritish Computer Society - Certificate Level",
    "declaration": "1",
    "declaration2": "1"
}[2026-07-03 15:52:53] submit.php: POST data: {
    "name": "Konara Mudiyanselage Javindu Jinal",
    "contact_number": "0740471401",
    "gmail": "javindujinal224@gmail.com",
    "address": "A\/7\/A,Gurugehela,Ganegama,Pelmadulla",
    "regional_centre": "Ratnapura",
    "course_type": "Certificate Level Courses",
    "course": "Certificate in Gem Cutting and Polishing (NVQ 4)",
    "course_fee_display": "Registration Fee: Rs. 2,000 | Course Fee: Rs. 45,000",
    "reg_fee": "2000",
    "course_fee": "45000",
    "total_fee_display": "Total Fee: Rs. 47,000",
    "nic_passport": "200127101595",
    "education_background": "G.C.E. O\/L - 8A,1B\r\nG.C.E. A\/L - 1C,2S",
    "declaration": "1",
    "declaration2": "1"
}[2026-07-04 09:27:12] submit.php: POST data: {
    "name": "Neelanga Weerasekera",
    "contact_number": "0771959884",
    "gmail": "neelangaaj90@gmail.com",
    "address": "41 Chapel Ln",
    "regional_centre": "Head Office - Kaduwela",
    "course_type": "Certificate Level Courses",
    "course": "Certificate in Gemmology",
    "course_fee_display": "Registration Fee: Rs. 2,000 | Course Fee: Rs. 70,000",
    "reg_fee": "2000",
    "course_fee": "70000",
    "total_fee_display": "Total Fee: Rs. 72,000",
    "nic_passport": "196524601387",
    "education_background": "",
    "declaration": "1",
    "declaration2": "1"
}[2026-07-04 13:15:39] submit.php: POST data: {
    "name": "D.P Dilum Dinusha Saliyarathna",
    "contact_number": "0789290753,0756389833",
    "gmail": "deni26kavee30@gmail.com",
    "address": "Ritigahamulathanna, Debatapitiya, kegalle ",
    "regional_centre": "Kandy",
    "course_type": "Certificate Level Courses",
    "course": "Certificate in Gem Cutting and Polishing (Weekend)",
    "course_fee_display": "Registration Fee: Rs. 2,000 | Course Fee: Rs. 35,000",
    "reg_fee": "2000",
    "course_fee": "35000",
    "total_fee_display": "Total Fee: Rs. 37,000",
    "nic_passport": "200333111891",
    "education_background": "O\/L\r\nAutomobile Mechanic\r\nWork = Pepsi",
    "declaration": "1",
    "declaration2": "1"
}[2026-07-04 13:16:00] submit.php: POST data: {
    "name": "D.P Dilum Dinusha Saliyarathna",
    "contact_number": "0789290753,0756389833",
    "gmail": "deni26kavee30@gmail.com",
    "address": "Ritigahamulathanna, Debatapitiya, kegalle ",
    "regional_centre": "Kandy",
    "course_type": "Certificate Level Courses",
    "course": "Certificate in Gem Cutting and Polishing (Weekend)",
    "course_fee_display": "Registration Fee: Rs. 2,000 | Course Fee: Rs. 35,000",
    "reg_fee": "2000",
    "course_fee": "35000",
    "total_fee_display": "Total Fee: Rs. 37,000",
    "nic_passport": "200333111891",
    "education_background": "O\/L\r\nAutomobile Mechanic\r\nWork = Pepsi",
    "declaration": "1",
    "declaration2": "1"
}[2026-07-04 13:16:25] submit.php: POST data: {
    "name": "D.P Dilum Dinusha Saliyarathna",
    "contact_number": "0789290753,0756389833",
    "gmail": "deni26kavee30@gmail.com",
    "address": "Ritigahamulathanna, Debatapitiya, kegalle ",
    "regional_centre": "Kandy",
    "course_type": "Certificate Level Courses",
    "course": "Certificate in Gem Cutting and Polishing (Weekend)",
    "course_fee_display": "Registration Fee: Rs. 2,000 | Course Fee: Rs. 35,000",
    "reg_fee": "2000",
    "course_fee": "35000",
    "total_fee_display": "Total Fee: Rs. 37,000",
    "nic_passport": "200333111891",
    "education_background": "O\/L\r\nAutomobile Mechanic\r\nWork = Pepsi",
    "declaration": "1",
    "declaration2": "1"
}[2026-07-04 18:26:07] submit.php: POST data: {
    "name": "Kurupanawa Gamage Wiran Charuka",
    "contact_number": "0717186472",
    "gmail": "wirancharuka1@gmail.com",
    "address": "Nagoda stores, Dammala colony, Halvitigala, Galle.",
    "regional_centre": "Galle",
    "course_type": "Diploma Level Courses",
    "course": "Diploma in Professional Gemmology (Dip. PGSL)",
    "course_fee_display": "Registration Fee: Rs. 2,000 | Course Fee: Rs. 150,000",
    "reg_fee": "2000",
    "course_fee": "150000",
    "total_fee_display": "Total Fee: Rs. 152,000",
    "nic_passport": "953161222V",
    "education_background": "2A and 1B passes for AL",
    "declaration": "1",
    "declaration2": "1"
}[2026-07-05 12:50:11] submit.php: POST data: {
    "name": "Palipana herath mudhiyanselage Nishanthi Palipana",
    "contact_number": "+94764262470",
    "gmail": "ceo@vintageceylon.lk",
    "address": "97\/10 Galle road,dehiwala",
    "regional_centre": "Head Office - Kaduwela",
    "course_type": "Diploma Level Courses",
    "course": "Diploma in Professional Gemmology (Dip. PGSL)",
    "course_fee_display": "Registration Fee: Rs. 2,000 | Course Fee: Rs. 150,000",
    "reg_fee": "2000",
    "course_fee": "150000",
    "total_fee_display": "Total Fee: Rs. 152,000",
    "nic_passport": "916380755V",
    "education_background": "Diploma in LLB, QS diploma ,17 years of experience ",
    "declaration": "1",
    "declaration2": "1"
}[2026-07-07 05:54:48] submit.php: POST data: [][2026-07-07 13:01:53] submit.php: POST data: {
    "name": "Vithanage Prasad Nandana Abeywansa ",
    "contact_number": "0773909533",
    "gmail": "ocomnets@gmail.com",
    "address": "100, Udayapura Rd, Thalangama south",
    "regional_centre": "Head Office - Kaduwela",
    "course_type": "Certificate Level Courses",
    "course": "Certificate in Gem Cutting and Polishing (Weekend)",
    "course_fee_display": "Registration Fee: Rs. 2,000 | Course Fee: Rs. 35,000",
    "reg_fee": "2000",
    "course_fee": "35000",
    "total_fee_display": "Total Fee: Rs. 37,000",
    "nic_passport": "743063236V",
    "education_background": "MCSE (Microsoft certified Systems Engineer )",
    "declaration": "1",
    "declaration2": "1"
}[2026-07-08 05:07:21] submit.php: POST data: {
    "name": "Amara Sulochana Fernando ",
    "contact_number": "071 9573515",
    "gmail": "amarafernando302@gmail.com",
    "address": "149\/14,\r\nBandaranayake Mawatha,\r\nRathnapura ",
    "regional_centre": "Ratnapura",
    "course_type": "Certificate Level Courses",
    "course": "Certificate in Geuda Heat Treatment",
    "course_fee_display": "Registration Fee: Rs. 2,000 | Course Fee: Rs. 55,000",
    "reg_fee": "2000",
    "course_fee": "55000",
    "total_fee_display": "Total Fee: Rs. 57,000",
    "nic_passport": "198165403827",
    "education_background": "",
    "declaration": "1",
    "declaration2": "1"
}[2026-07-08 12:34:59] submit.php: POST data: {
    "name": "Nadun Chinthaka Kumara ",
    "contact_number": "0778766404",
    "gmail": "krishantha1975@gmail.com",
    "address": "No 81, Hidellana",
    "regional_centre": "Ratnapura",
    "course_type": "Certificate Level Courses",
    "course": "Certificate in Basic Gemmology",
    "course_fee_display": "Registration Fee: Rs. 2,000 | Course Fee: Rs. 50,000",
    "reg_fee": "2000",
    "course_fee": "50000",
    "total_fee_display": "Total Fee: Rs. 52,000",
    "nic_passport": "7511503955",
    "education_background": "",
    "declaration": "1",
    "declaration2": "1"
}[2026-07-11 15:23:36] submit.php: POST data: {
    "name": "Nadeer Naleef",
    "contact_number": "0770627876",
    "gmail": "nnaleef95@gmail.com",
    "address": "213\/8,kanuketiya,monnekulama.\r\n",
    "regional_centre": "Head Office - Kaduwela",
    "course_type": "Certificate Level Courses",
    "course": "Certificate in Computer Aided Jewellery Designing and Manufacturing (CAD\/CAM)",
    "course_fee_display": "Registration Fee: Rs. 2,000 | Course Fee: Rs. 60,000",
    "reg_fee": "2000",
    "course_fee": "60000",
    "total_fee_display": "Total Fee: Rs. 62,000",
    "nic_passport": "200607101149",
    "education_background": "A\/L art stream 3 passes",
    "declaration": "1",
    "declaration2": "1"
}[2026-07-11 19:16:27] submit.php: POST data: {
    "name": "Sajani Nihara",
    "contact_number": "0772250330",
    "gmail": "snkurukuththala@gmail.com",
    "address": "101, Kandy road, Kadugannawa",
    "regional_centre": "Kandy",
    "course_type": "Certificate Level Courses",
    "course": "Certificate in Jewellery Designing (Manual)",
    "course_fee_display": "Registration Fee: Rs. 2,000 | Course Fee: Rs. 43,000",
    "reg_fee": "2000",
    "course_fee": "43000",
    "total_fee_display": "Total Fee: Rs. 45,000",
    "nic_passport": "946120004V",
    "education_background": "Degree",
    "declaration": "1",
    "declaration2": "1"
}[2026-07-13 06:12:23] submit.php: POST data: {
    "name": "Belawanage Amila Lakmal",
    "contact_number": "0779339135",
    "gmail": "lakmalba@gmail.com",
    "address": "279\/2\r\nPahalamulla\r\nWaharaka",
    "regional_centre": "Ratnapura",
    "course_type": "Certificate Level Courses",
    "course": "Certificate in Basic Gemmology",
    "course_fee_display": "Registration Fee: Rs. 2,000 | Course Fee: Rs. 50,000",
    "reg_fee": "2000",
    "course_fee": "50000",
    "total_fee_display": "Total Fee: Rs. 52,000",
    "nic_passport": "198533402793",
    "education_background": "BA Economics(Special) ",
    "declaration": "1",
    "declaration2": "1"
}[2026-07-14 00:08:42] submit.php: POST data: [][2026-07-14 01:09:31] submit.php: POST data: {
    "name": "Nadeer Naleef",
    "contact_number": "0770627876",
    "gmail": "nnaleef95@gmail.com",
    "address": "213\/8,Kanuketiya,Monmekulama.\r\n",
    "regional_centre": "Head Office - Kaduwela",
    "course_type": "Diploma Level Courses",
    "course": "Diploma in Jewellery Manufacturing and Designing Technology (NVQ 5)\/ Diploma in Professional Jewellery (Dip. PJSL)",
    "course_fee_display": "Registration Fee: Rs. 2,000 | Course Fee: Rs. 125,000",
    "reg_fee": "2000",
    "course_fee": "125000",
    "total_fee_display": "Total Fee: Rs. 127,000",
    "nic_passport": "200607101149",
    "education_background": "AL 3 Passes",
    "declaration": "1",
    "declaration2": "1"
}[2026-07-14 09:53:53] submit.php: POST data: {
    "name": "Aruna Lakmal",
    "contact_number": "0774559373",
    "gmail": "arunapadmi@gmail.com",
    "address": "39,Ginigathhena road, Hatton ",
    "regional_centre": "Kandy",
    "course_type": "Certificate Level Courses",
    "course": "Certificate in Gem Cutting and Polishing (10 DAYS)",
    "course_fee_display": "Registration Fee: Rs. 2,000 | Course Fee: Rs. 14,000",
    "reg_fee": "2000",
    "course_fee": "14000",
    "total_fee_display": "Total Fee: Rs. 16,000",
    "nic_passport": "872463941V",
    "education_background": "Advance level art subject ",
    "declaration": "1",
    "declaration2": "1"
}[2026-07-15 00:35:24] submit.php: POST data: {
    "name": "MOHAMED IMADH HUSSAIN",
    "contact_number": "0756136445",
    "gmail": "imadhhussain@gmail.com",
    "address": "No.390\/09 Chilaw Road Negombo",
    "regional_centre": "Maradana",
    "course_type": "Certificate Level Courses",
    "course": "Certificate in Gem Cutting and Polishing (NVQ 3)",
    "course_fee_display": "Registration Fee: Rs. 2,000 | Course Fee: Rs. 35,000",
    "reg_fee": "2000",
    "course_fee": "35000",
    "total_fee_display": "Total Fee: Rs. 37,000",
    "nic_passport": "200202204636",
    "education_background": "O\/L & Foundation in Engineering",
    "declaration": "1",
    "declaration2": "1"
}[2026-07-15 04:19:24] submit.php: POST data: {
    "name": "Sashini Bandara",
    "contact_number": "0771621394",
    "gmail": "sashibandara009@gmail.com",
    "address": "126\/A\r\nGodagedara Marapana Ratnapura",
    "regional_centre": "Ratnapura",
    "course_type": "Certificate Level Courses",
    "course": "Certificate in Gems and Jewellery Valuation and Marketing",
    "course_fee_display": "Registration Fee: Rs. 2,000 | Course Fee: Rs. 20,000",
    "reg_fee": "2000",
    "course_fee": "20000",
    "total_fee_display": "Total Fee: Rs. 22,000",
    "nic_passport": "200479801951",
    "education_background": "Bachelor of Law Honors \r\nDiploma in Applied Psychology and Counseling ",
    "declaration": "1",
    "declaration2": "1"
}[2026-07-15 04:23:54] submit.php: POST data: {
    "name": "Sashini Bandara",
    "contact_number": "0771621394",
    "gmail": "sashibandara009@gmail.com",
    "address": "126\/A\r\nGodagedara Marapana Ratnapura",
    "regional_centre": "Ratnapura",
    "course_type": "Certificate Level Courses",
    "course": "Certificate in Gems and Jewellery Valuation and Marketing",
    "course_fee_display": "Registration Fee: Rs. 2,000 | Course Fee: Rs. 20,000",
    "reg_fee": "2000",
    "course_fee": "20000",
    "total_fee_display": "Total Fee: Rs. 22,000",
    "nic_passport": "200479801951",
    "education_background": "Bachelor of law honors (LLB) Hons\r\nDiploma in applied psychology and counseling \r\n",
    "declaration": "1",
    "declaration2": "1"
}[2026-07-15 04:28:58] submit.php: POST data: {
    "name": "Sashini Bandara",
    "contact_number": "0771621394",
    "gmail": "sashibandara009@gmail.com",
    "address": "126\/A\r\nGodagedara Marapana Ratnapura",
    "regional_centre": "Ratnapura",
    "course_type": "Certificate Level Courses",
    "course": "Certificate in Gems and Jewellery Valuation and Marketing",
    "course_fee_display": "Registration Fee: Rs. 2,000 | Course Fee: Rs. 20,000",
    "reg_fee": "2000",
    "course_fee": "20000",
    "total_fee_display": "Total Fee: Rs. 22,000",
    "nic_passport": "200479801951",
    "education_background": "LLB (hons) Law\r\nDiploma in applied psychology and counseling (UK)",
    "declaration": "1",
    "declaration2": "1"
}[2026-07-15 18:20:11] submit.php: POST data: {
    "name": "HERATH H M K M",
    "contact_number": "0774951700",
    "gmail": "kherath34@gmail.com",
    "address": "155,Aluth Malkaduwawa, kurunegala",
    "regional_centre": "Ratnapura",
    "course_type": "Certificate Level Courses",
    "course": "Certificate in Geuda Heat Treatment",
    "course_fee_display": "Registration Fee: Rs. 2,000 | Course Fee: Rs. 55,000",
    "reg_fee": "2000",
    "course_fee": "55000",
    "total_fee_display": "Total Fee: Rs. 57,000",
    "nic_passport": "893052232V",
    "education_background": "BVSc, PGDip, Gemmology",
    "declaration": "1",
    "declaration2": "1"
}[2026-07-16 09:09:18] submit.php: POST data: {
    "name": "Aslam Jiffry",
    "contact_number": "0777344688",
    "gmail": "jiffry2aslam@gmail.com",
    "address": "9\/B Palace Path, Beruwala ",
    "regional_centre": "Head Office - Kaduwela",
    "course_type": "Diploma Level Courses",
    "course": "Diploma in Professional Gemmology (Dip. PGSL)",
    "course_fee_display": "Registration Fee: Rs. 2,000 | Course Fee: Rs. 150,000",
    "reg_fee": "2000",
    "course_fee": "150000",
    "total_fee_display": "Total Fee: Rs. 152,000",
    "nic_passport": "198900101900",
    "education_background": "Advance Level Pass & 16 Years experience in Gem and jewelry industry ",
    "declaration": "1",
    "declaration2": "1"
}[2026-07-16 10:05:00] submit.php: POST data: {
    "name": "Vithanage Damith Harsha",
    "contact_number": "0719069791",
    "gmail": "damith.vh@gmail.com",
    "address": "127\/5, Temple road, Nawala",
    "regional_centre": "Head Office - Kaduwela",
    "course_type": "Diploma Level Courses",
    "course": "Diploma in Professional Gemmology (Dip. PGSL)",
    "course_fee_display": "Registration Fee: Rs. 2,000 | Course Fee: Rs. 150,000",
    "reg_fee": "2000",
    "course_fee": "150000",
    "total_fee_display": "Total Fee: Rs. 152,000",
    "nic_passport": "199116602825",
    "education_background": "I completed my GCE Advanced Level (Commerce Stream) with 3 A passes. I have also partially completed the Chartered Accountancy qualification in Sri Lanka. Currently, I am working as an Audit Manager at a reputed audit firm, where I have gained extensive experience in auditing, financial reporting, risk assessment, internal controls, and managing audit engagements across various industries.",
    "declaration": "1",
    "declaration2": "1"
}[2026-07-16 10:06:33] submit.php: POST data: {
    "name": "Ruvinya Kodithuwakku",
    "contact_number": "0779880717",
    "gmail": "ruvinyakodi002@gmail.com",
    "address": "16\/18 wijayaba mw, nawala rd, Nugegoda ",
    "regional_centre": "Head Office - Kaduwela",
    "course_type": "Diploma Level Courses",
    "course": "Diploma in Jewellery Manufacturing and Designing Technology (NVQ 5)\/ Diploma in Professional Jewellery (Dip. PJSL)",
    "course_fee_display": "Registration Fee: Rs. 2,000 | Course Fee: Rs. 125,000",
    "reg_fee": "2000",
    "course_fee": "125000",
    "total_fee_display": "Total Fee: Rs. 127,000",
    "nic_passport": "200274302048",
    "education_background": "Bsc (hons) in fashion business and management with second class upper",
    "declaration": "1",
    "declaration2": "1"
}[2026-07-16 12:21:20] submit.php: POST data: {
    "name": "Mohamed Mulafir Fathima Mubashira ",
    "contact_number": "0761042811",
    "gmail": "mmfmubashira98@gmail.com",
    "address": "158\/2A, Marikkar Street, Dharga Town ",
    "regional_centre": "Head Office - Kaduwela",
    "course_type": "Diploma Level Courses",
    "course": "Diploma in Professional Gemmology (Dip. PGSL)",
    "course_fee_display": "Registration Fee: Rs. 2,000 | Course Fee: Rs. 150,000",
    "reg_fee": "2000",
    "course_fee": "150000",
    "total_fee_display": "Total Fee: Rs. 152,000",
    "nic_passport": "199860301766",
    "education_background": "BSc (Honors) in Biomedical Science ",
    "declaration": "1",
    "declaration2": "1"
}[2026-07-16 12:23:02] submit.php: POST data: {
    "name": "Mohamed Mulafir Fathima Mubashira ",
    "contact_number": "0761042811",
    "gmail": "mmfmubashira98@gmail.com",
    "address": "158\/2A, Marikkar Street, Dharga Town ",
    "regional_centre": "Head Office - Kaduwela",
    "course_type": "Diploma Level Courses",
    "course": "Diploma in Jewellery Manufacturing and Designing Technology (NVQ 5)\/ Diploma in Professional Jewellery (Dip. PJSL)",
    "course_fee_display": "Registration Fee: Rs. 2,000 | Course Fee: Rs. 125,000",
    "reg_fee": "2000",
    "course_fee": "125000",
    "total_fee_display": "Total Fee: Rs. 127,000",
    "nic_passport": "199860301766",
    "education_background": "BSc (Honors) in Biomedical Science ",
    "declaration": "1",
    "declaration2": "1"
}[2026-07-16 13:49:40] submit.php: POST data: {
    "name": "A.Z Ahamedh",
    "contact_number": "0775451206",
    "gmail": "ahamedhzulfiqar22@gmail.com",
    "address": "462\/3,Beligammana,Mawanella ",
    "regional_centre": "Ratnapura",
    "course_type": "Diploma Level Courses",
    "course": "Diploma in Professional Gemmology (Dip. PGSL)",
    "course_fee_display": "Registration Fee: Rs. 2,000 | Course Fee: Rs. 150,000",
    "reg_fee": "2000",
    "course_fee": "150000",
    "total_fee_display": "Total Fee: Rs. 152,000",
    "nic_passport": "200034801854",
    "education_background": "O\/L - 5A3BC\r\nA\/L - completed in maths stream(only have a A pass in English) \r\nHave experience in gem business more than 3years \r\nHave completed certificate course in gemology in IGA Colombo and currently at final stages of Diploma in Gemology in IGA Colombo ",
    "declaration": "1",
    "declaration2": "1"
}[2026-07-16 18:16:54] submit.php: POST data: {
    "name": "GANJI SREEKAR LAKSHMAN",
    "contact_number": "+918074146783",
    "gmail": "ganjisreekar@gmail.com",
    "address": "11-7-22\/A HUDA COLONY SAROORNAGAR, HYDERABAD, KOTHAPET, RANGA REDDY, TELANGANA, 500035",
    "regional_centre": "Ratnapura",
    "course_type": "Diploma Level Courses",
    "course": "Diploma in Professional Gemmology (Dip. PGSL)",
    "course_fee_display": "Registration Fee: Rs. 2,000 | Course Fee: Rs. 150,000",
    "reg_fee": "2000",
    "course_fee": "150000",
    "total_fee_display": "Total Fee: Rs. 152,000",
    "nic_passport": "Z7150364",
    "education_background": "Done MBA and BBA from icfai business school hyderabad india . done polished diamond graduate and CAD jewelry designing from jk diamonds in mumbai india. certified gold appraiser. visited gem mines in tanzania, sri lanka and zambia ",
    "declaration": "1",
    "declaration2": "1"
}[2026-07-17 06:54:42] submit.php: POST data: {
    "name": "cert-test",
    "contact_number": "3456789078",
    "gmail": "nobeyar391@24faw.com",
    "address": "",
    "regional_centre": "Kandy",
    "course_type": "Certificate Level Courses",
    "course": "Certificate in Gem Cutting and Polishing (NVQ 3)",
    "course_fee_display": "Registration Fee: Rs. 2,000 | Course Fee: Rs. 35,000",
    "reg_fee": "2000",
    "course_fee": "35000",
    "total_fee_display": "Total Fee: Rs. 37,000",
    "nic_passport": "1234567897v",
    "education_background": "",
    "declaration": "1",
    "declaration2": "1"
}[2026-07-17 07:45:22] submit.php: POST data: {
    "name": "Matharage Hashan Dhananjaya",
    "contact_number": "0713029384",
    "gmail": "hashanmatharage@gmail.com",
    "address": "No:288,Dampe,Meegoda",
    "regional_centre": "Ratnapura",
    "course_type": "Diploma Level Courses",
    "course": "Diploma in Professional Gemmology (Dip. PGSL)",
    "course_fee_display": "Registration Fee: Rs. 2,000 | Course Fee: Rs. 150,000",
    "reg_fee": "2000",
    "course_fee": "150000",
    "total_fee_display": "Total Fee: Rs. 152,000",
    "nic_passport": "942770904V",
    "education_background": "Successfully completed Gemmology certification \r\nSLIM in Marketing \r\n",
    "declaration": "1",
    "declaration2": "1"
}[2026-07-17 12:21:53] submit.php: POST data: {
    "name": "BW BISHAN ESITH RAVINDRA",
    "contact_number": "0777 294 517 ",
    "gmail": "bishanesith2002@gmail.com",
    "address": "12\/10A, Mihidu Mawatha, New Hospital Road, Pamunuwa, Maharagama ",
    "regional_centre": "Head Office - Kaduwela",
    "course_type": "Certificate Level Courses",
    "course": "Certificate in Jewellery Manufacturing (NVQ 4)",
    "course_fee_display": "Registration Fee: Rs. 2,000 | Course Fee: Rs. 50,000",
    "reg_fee": "2000",
    "course_fee": "50000",
    "total_fee_display": "Total Fee: Rs. 52,000",
    "nic_passport": "200206801590 ",
    "education_background": "O\/l ",
    "declaration": "1",
    "declaration2": "1"
}[2026-07-17 12:22:54] submit.php: POST data: {
    "name": "BW BISHAN ESITH RAVINDRA",
    "contact_number": "0777 294 517 ",
    "gmail": "bishanesith2002@gmail.com",
    "address": "12\/10A, Mihidu Mawatha, New Hospital Road, Pamunuwa, Maharagama ",
    "regional_centre": "Head Office - Kaduwela",
    "course_type": "Certificate Level Courses",
    "course": "Certificate in Jewellery Manufacturing (NVQ 4)",
    "course_fee_display": "Registration Fee: Rs. 2,000 | Course Fee: Rs. 50,000",
    "reg_fee": "2000",
    "course_fee": "50000",
    "total_fee_display": "Total Fee: Rs. 52,000",
    "nic_passport": "200206801590 ",
    "education_background": "O\/l ",
    "declaration": "1",
    "declaration2": "1"
}[2026-07-17 12:31:56] submit.php: POST data: {
    "name": "BW BISHAN ESITH RAVINDRA",
    "contact_number": "0777 294 517 ",
    "gmail": "bishanesith2002@gmail.com",
    "address": "12\/10A, Mihidu Mawatha, New Hospital Road, Pamunuwa, Maharagama ",
    "regional_centre": "Head Office - Kaduwela",
    "course_type": "Certificate Level Courses",
    "course": "Certificate in Jewellery Manufacturing (NVQ 4)",
    "course_fee_display": "Registration Fee: Rs. 2,000 | Course Fee: Rs. 50,000",
    "reg_fee": "2000",
    "course_fee": "50000",
    "total_fee_display": "Total Fee: Rs. 52,000",
    "nic_passport": "200206801590 ",
    "education_background": "O\/l ",
    "declaration": "1",
    "declaration2": "1"
}[2026-07-18 02:46:49] submit.php: POST data: {
    "name": "WITHANA ARACHCHIGE NAMAL GUNAWARDHANA",
    "contact_number": "0759566040",
    "gmail": "namalgu1984@gmail.com",
    "address": "16\/2, 2\/1\r\nsubadhrarama lane\r\nNugegoda",
    "regional_centre": "Head Office - Kaduwela",
    "course_type": "Certificate Level Courses",
    "course": "Certificate in Gemmology",
    "course_fee_display": "Registration Fee: Rs. 2,000 | Course Fee: Rs. 70,000",
    "reg_fee": "2000",
    "course_fee": "70000",
    "total_fee_display": "Total Fee: Rs. 72,000",
    "nic_passport": "198420200964",
    "education_background": "MBBS (Peradeniya)",
    "declaration": "1",
    "declaration2": "1"
}[2026-07-18 02:48:53] submit.php: POST data: {
    "name": "WITHANA ARACHCHIGE NAMAL GUNAWARDHANA",
    "contact_number": "0759566040",
    "gmail": "namalgu1984@gmail.com",
    "address": "16\/2, 2\/1, Subadhrarama Lane, Nugegoda",
    "regional_centre": "Head Office - Kaduwela",
    "course_type": "Certificate Level Courses",
    "course": "Certificate in Gemmology",
    "course_fee_display": "Registration Fee: Rs. 2,000 | Course Fee: Rs. 70,000",
    "reg_fee": "2000",
    "course_fee": "70000",
    "total_fee_display": "Total Fee: Rs. 72,000",
    "nic_passport": "198420200964",
    "education_background": "MBBS (Pera)",
    "declaration": "1",
    "declaration2": "1"
}[2026-07-18 03:58:15] submit.php: POST data: {
    "name": "Rasith Nadeeshan ",
    "contact_number": "0761621509",
    "gmail": "rasithnadeeshan486@gmail.com",
    "address": "no 213 pallemulla halloluwa kandy",
    "regional_centre": "Head Office - Kaduwela",
    "course_type": "Diploma Level Courses",
    "course": "Diploma in Professional Gemmology (Dip. PGSL)",
    "course_fee_display": "Registration Fee: Rs. 2,000 | Course Fee: Rs. 150,000",
    "reg_fee": "2000",
    "course_fee": "150000",
    "total_fee_display": "Total Fee: Rs. 152,000",
    "nic_passport": "200228202123",
    "education_background": "Advanced Level (G.C.E.) Pass.\r\nSuccessfully completed the Gemmology Basic Course at the Gem & Jewellery Research and Training Institute (GJRTI).",
    "declaration": "1",
    "declaration2": "1"
}[2026-07-18 03:59:50] submit.php: POST data: {
    "name": "Rasith Nadeeshan ",
    "contact_number": "0761621509",
    "gmail": "rasithnadeeshan486@gmail.com",
    "address": "no 213 pallemulla halloluwa kandy",
    "regional_centre": "Head Office - Kaduwela",
    "course_type": "Diploma Level Courses",
    "course": "Diploma in Professional Gemmology (Dip. PGSL)",
    "course_fee_display": "Registration Fee: Rs. 2,000 | Course Fee: Rs. 150,000",
    "reg_fee": "2000",
    "course_fee": "150000",
    "total_fee_display": "Total Fee: Rs. 152,000",
    "nic_passport": "200228202123",
    "education_background": "Advanced Level (G.C.E.) Pass.\r\nSuccessfully completed the Gemmology Basic Course at the Gem & Jewellery Research and Training Institute (GJRTI).",
    "declaration": "1",
    "declaration2": "1"
}[2026-07-18 03:59:53] submit.php: POST data: {
    "name": "Rasith Nadeeshan ",
    "contact_number": "0761621509",
    "gmail": "rasithnadeeshan486@gmail.com",
    "address": "no 213 pallemulla halloluwa kandy",
    "regional_centre": "Head Office - Kaduwela",
    "course_type": "Diploma Level Courses",
    "course": "Diploma in Professional Gemmology (Dip. PGSL)",
    "course_fee_display": "Registration Fee: Rs. 2,000 | Course Fee: Rs. 150,000",
    "reg_fee": "2000",
    "course_fee": "150000",
    "total_fee_display": "Total Fee: Rs. 152,000",
    "nic_passport": "200228202123",
    "education_background": "Advanced Level (G.C.E.) Pass.\r\nSuccessfully completed the Gemmology Basic Course at the Gem & Jewellery Research and Training Institute (GJRTI).",
    "declaration": "1",
    "declaration2": "1"
}[2026-07-18 04:07:53] submit.php: POST data: {
    "name": "Rasith Nadeeshan",
    "contact_number": "0761721509",
    "gmail": "rasithnadeeshan486@gmail.com",
    "address": "No 212 pallemulla halloluwa kandy",
    "regional_centre": "Head Office - Kaduwela",
    "course_type": "Diploma Level Courses",
    "course": "Diploma in Professional Gemmology (Dip. PGSL)",
    "course_fee_display": "Registration Fee: Rs. 2,000 | Course Fee: Rs. 150,000",
    "reg_fee": "2000",
    "course_fee": "150000",
    "total_fee_display": "Total Fee: Rs. 152,000",
    "nic_passport": "200228202123",
    "education_background": "Advanced Level (G.C.E.) Pass\r\n\r\nSuccessfully completed the Gemmology Basic Course at the Gem & Jewellery Research and Training Institute (GJRTI)",
    "declaration": "1",
    "declaration2": "1"
}[2026-07-18 04:07:58] submit.php: POST data: {
    "name": "Rasith Nadeeshan",
    "contact_number": "0761721509",
    "gmail": "rasithnadeeshan486@gmail.com",
    "address": "No 212 pallemulla halloluwa kandy",
    "regional_centre": "Head Office - Kaduwela",
    "course_type": "Diploma Level Courses",
    "course": "Diploma in Professional Gemmology (Dip. PGSL)",
    "course_fee_display": "Registration Fee: Rs. 2,000 | Course Fee: Rs. 150,000",
    "reg_fee": "2000",
    "course_fee": "150000",
    "total_fee_display": "Total Fee: Rs. 152,000",
    "nic_passport": "200228202123",
    "education_background": "Advanced Level (G.C.E.) Pass\r\n\r\nSuccessfully completed the Gemmology Basic Course at the Gem & Jewellery Research and Training Institute (GJRTI)",
    "declaration": "1",
    "declaration2": "1"
}[2026-07-18 04:09:20] submit.php: POST data: {
    "name": "Rasith Nadeeshan",
    "contact_number": "0761721509",
    "gmail": "rasithnadeeshan486@gmail.com",
    "address": "No 212 pallemulla halloluwa kandy",
    "regional_centre": "Head Office - Kaduwela",
    "course_type": "Diploma Level Courses",
    "course": "Diploma in Professional Gemmology (Dip. PGSL)",
    "course_fee_display": "Registration Fee: Rs. 2,000 | Course Fee: Rs. 150,000",
    "reg_fee": "2000",
    "course_fee": "150000",
    "total_fee_display": "Total Fee: Rs. 152,000",
    "nic_passport": "200228202123",
    "education_background": "Advanced Level (G.C.E.) Pass\r\n\r\nSuccessfully completed the Gemmology Basic Course at the Gem & Jewellery Research and Training Institute (GJRTI)",
    "declaration": "1",
    "declaration2": "1"
}[2026-07-18 04:09:23] submit.php: POST data: {
    "name": "Rasith Nadeeshan",
    "contact_number": "0761721509",
    "gmail": "rasithnadeeshan486@gmail.com",
    "address": "No 212 pallemulla halloluwa kandy",
    "regional_centre": "Head Office - Kaduwela",
    "course_type": "Diploma Level Courses",
    "course": "Diploma in Professional Gemmology (Dip. PGSL)",
    "course_fee_display": "Registration Fee: Rs. 2,000 | Course Fee: Rs. 150,000",
    "reg_fee": "2000",
    "course_fee": "150000",
    "total_fee_display": "Total Fee: Rs. 152,000",
    "nic_passport": "200228202123",
    "education_background": "Advanced Level (G.C.E.) Pass\r\n\r\nSuccessfully completed the Gemmology Basic Course at the Gem & Jewellery Research and Training Institute (GJRTI)",
    "declaration": "1",
    "declaration2": "1"
}[2026-07-18 05:02:31] submit.php: POST data: {
    "name": "Sashini Thulshara Bandara",
    "contact_number": "0771621394",
    "gmail": "sashibandara009@gmail.com",
    "address": "126\/A Godagedara Marapana Ratnapura ",
    "regional_centre": "Ratnapura",
    "course_type": "Certificate Level Courses",
    "course": "Certificate in Gems and Jewellery Valuation and Marketing",
    "course_fee_display": "Registration Fee: Rs. 2,000 | Course Fee: Rs. 20,000",
    "reg_fee": "2000",
    "course_fee": "20000",
    "total_fee_display": "Total Fee: Rs. 22,000",
    "nic_passport": "200479801951",
    "education_background": "LLB (hons) Law\r\nDiploma in Applied Psychology and Counseling ",
    "declaration": "1",
    "declaration2": "1"
}[2026-07-18 05:14:28] submit.php: POST data: {
    "name": "Wellakkatu Mudiyanselage Sashini Thulshara Bandara",
    "contact_number": "0771621394",
    "gmail": "sashibandara009@gmail.com",
    "address": "126\/A Godagedara Marapana Ratnapura ",
    "regional_centre": "Ratnapura",
    "course_type": "Certificate Level Courses",
    "course": "Certificate in Gems and Jewellery Valuation and Marketing",
    "course_fee_display": "Registration Fee: Rs. 2,000 | Course Fee: Rs. 20,000",
    "reg_fee": "2000",
    "course_fee": "20000",
    "total_fee_display": "Total Fee: Rs. 22,000",
    "nic_passport": "200479801951",
    "education_background": "LLB (hons) Law\r\nDiploma in applied psychology and counseling ",
    "declaration": "1",
    "declaration2": "1"
}[2026-07-18 06:47:07] submit.php: POST data: {
    "name": "Thakshila Darshani Wickrama Arachchi",
    "contact_number": "071 1452973",
    "gmail": "buddy.wickramaarachchi96@gmail.com",
    "address": "101\/2, Amunagawa watta, Getangama, Ratnapura",
    "regional_centre": "Ratnapura",
    "course_type": "Certificate Level Courses",
    "course": "Certificate in Computer Aided Jewellery Designing and Manufacturing (CAD\/CAM)",
    "course_fee_display": "Registration Fee: Rs. 2,000 | Course Fee: Rs. 60,000",
    "reg_fee": "2000",
    "course_fee": "60000",
    "total_fee_display": "Total Fee: Rs. 62,000",
    "nic_passport": "199654710100",
    "education_background": "Higher National Diploma in Business Administration ",
    "declaration": "1",
    "declaration2": "1"
}[2026-07-18 07:02:15] submit.php: POST data: {
    "name": "Thakshila Darshani Wickrama Arachchi",
    "contact_number": "071 1452973",
    "gmail": "buddy.wickramaarachchi96@gmail.com",
    "address": "101\/2, Amunagawa watta, Getangama,Ratnapura",
    "regional_centre": "Ratnapura",
    "course_type": "Certificate Level Courses",
    "course": "Certificate in Computer Aided Jewellery Designing and Manufacturing (CAD\/CAM)",
    "course_fee_display": "Registration Fee: Rs. 2,000 | Course Fee: Rs. 60,000",
    "reg_fee": "2000",
    "course_fee": "60000",
    "total_fee_display": "Total Fee: Rs. 62,000",
    "nic_passport": "199654710100",
    "education_background": "Higher National Diploma in Business AdAdministration ",
    "declaration": "1",
    "declaration2": "1"
}[2026-07-18 08:39:53] submit.php: POST data: {
    "name": "Krishantha Wakkumbura",
    "contact_number": "0714396404",
    "gmail": "krishantha1975@gmail.com",
    "address": "No 810, Hidellana",
    "regional_centre": "Ratnapura",
    "course_type": "Diploma Level Courses",
    "course": "Diploma in Professional Gemmology (Dip. PGSL)",
    "course_fee_display": "Registration Fee: Rs. 2,000 | Course Fee: Rs. 150,000",
    "reg_fee": "2000",
    "course_fee": "150000",
    "total_fee_display": "Total Fee: Rs. 152,000",
    "nic_passport": "197511503953",
    "education_background": "Test mail",
    "declaration": "1",
    "declaration2": "1"
}[2026-07-18 13:22:32] submit.php: POST data: {
    "name": "Rasith Nadeeshan",
    "contact_number": "0761721509",
    "gmail": "rasithnadeeshan486@gmail.com",
    "address": "No.213 pallemulla halloluwa, kandy",
    "regional_centre": "Head Office - Kaduwela",
    "course_type": "Diploma Level Courses",
    "course": "Diploma in Professional Gemmology (Dip. PGSL)",
    "course_fee_display": "Registration Fee: Rs. 2,000 | Course Fee: Rs. 150,000",
    "reg_fee": "2000",
    "course_fee": "150000",
    "total_fee_display": "Total Fee: Rs. 152,000",
    "nic_passport": "200228202123",
    "education_background": "Advanced Level (G.C.E.) Pass\r\n\r\nSuccessfully completed the Gemmology Basic Course at the Gem & Jewellery Research and Training Institute (GJRTI)",
    "declaration": "1",
    "declaration2": "1"
}[2026-07-18 23:23:09] submit.php: POST data: {
    "name": "Rathnayaka Mudiyanselage Ruwan Chamara",
    "contact_number": "0775759455",
    "gmail": "chamararma49@gmail.com",
    "address": "Aluththanna,Keppetipola",
    "regional_centre": "Head Office - Kaduwela",
    "course_type": "Diploma Level Courses",
    "course": "Diploma in Professional Gemmology (Dip. PGSL)",
    "course_fee_display": "Registration Fee: Rs. 2,000 | Course Fee: Rs. 150,000",
    "reg_fee": "2000",
    "course_fee": "150000",
    "total_fee_display": "Total Fee: Rs. 152,000",
    "nic_passport": "200028800330",
    "education_background": "HND Agricultural Production Technology - School of agriculture - Kundasale  ",
    "declaration": "1",
    "declaration2": "1"
}[2026-07-20 12:58:44] submit.php: POST data: {
    "name": "Nuwan Niroshan",
    "contact_number": "0714914591",
    "gmail": "niro085@gmail.com",
    "address": "No.316\/2B,Aruppitiya, Battaramulla .",
    "regional_centre": "Head Office - Kaduwela",
    "course_type": "Certificate Level Courses",
    "course": "Certificate in Gem Cutting and Polishing (Weekend)",
    "course_fee_display": "Registration Fee: Rs. 2,000 | Course Fee: Rs. 35,000",
    "reg_fee": "2000",
    "course_fee": "35000",
    "total_fee_display": "Total Fee: Rs. 37,000",
    "nic_passport": "198507203745",
    "education_background": "",
    "declaration": "1",
    "declaration2": "1"
}[2026-07-20 13:04:46] submit.php: POST data: {
    "name": "Nuwan Niroshan",
    "contact_number": "0714914591",
    "gmail": "niro085@gmail.com",
    "address": "No.316\/2B , Aruppitiya, Battaramulla .",
    "regional_centre": "Head Office - Kaduwela",
    "course_type": "Certificate Level Courses",
    "course": "Certificate in Geuda Heat Treatment",
    "course_fee_display": "Registration Fee: Rs. 2,000 | Course Fee: Rs. 55,000",
    "reg_fee": "2000",
    "course_fee": "55000",
    "total_fee_display": "Total Fee: Rs. 57,000",
    "nic_passport": "198507203745",
    "education_background": "Faced to G.C.E advance level in Mathematics subjects.",
    "declaration": "1",
    "declaration2": "1"
}[2026-07-21 02:18:06] submit.php: POST data: {
    "name": "Chirantha Dilshan",
    "contact_number": "076-1083656",
    "gmail": "chiranthadilshan20@gmail.com",
    "address": "412\/c, chunawelpiya road ,Wennappuwa ",
    "regional_centre": "Head Office - Kaduwela",
    "course_type": "Certificate Level Courses",
    "course": "Certificate in Gem Cutting and Polishing (NVQ 4)",
    "course_fee_display": "Registration Fee: Rs. 2,000 | Course Fee: Rs. 45,000",
    "reg_fee": "2000",
    "course_fee": "45000",
    "total_fee_display": "Total Fee: Rs. 47,000",
    "nic_passport": "200405513051",
    "education_background": "Advanced Certificate Course in Gemology conducted at the University of Moratuwa (2024\/2025)",
    "declaration": "1",
    "declaration2": "1"
}[2026-07-21 02:20:45] submit.php: POST data: {
    "name": "Chirantha Dilshan",
    "contact_number": "076-1083656",
    "gmail": "chiranthadilshan20@gmail.com",
    "address": "412\/c, chunawelpiya road ,Wennappuwa ",
    "regional_centre": "Head Office - Kaduwela",
    "course_type": "Certificate Level Courses",
    "course": "Certificate in Gem Cutting and Polishing (NVQ 4)",
    "course_fee_display": "Registration Fee: Rs. 2,000 | Course Fee: Rs. 45,000",
    "reg_fee": "2000",
    "course_fee": "45000",
    "total_fee_display": "Total Fee: Rs. 47,000",
    "nic_passport": "200405513051",
    "education_background": "Advanced Certificate Course in Gemology conducted at the University of Moratuwa (2024\/2025)",
    "declaration": "1",
    "declaration2": "1"
}[2026-07-21 03:44:41] submit.php: POST data: {
    "name": "Sanjaya Ponnamperuma",
    "contact_number": "0707626511",
    "gmail": "pasdanushka@gmail.com",
    "address": "112\/3B, Horaketiya rd, Korathota, Kaduwela ",
    "regional_centre": "Head Office - Kaduwela",
    "course_type": "Diploma Level Courses",
    "course": "Diploma in Jewellery Manufacturing and Designing Technology (NVQ 5)\/ Diploma in Professional Jewellery (Dip. PJSL)",
    "course_fee_display": "Registration Fee: Rs. 2,000 | Course Fee: Rs. 125,000",
    "reg_fee": "2000",
    "course_fee": "125000",
    "total_fee_display": "Total Fee: Rs. 127,000",
    "nic_passport": "921461414V",
    "education_background": "",
    "declaration": "1",
    "declaration2": "1"
}[2026-07-21 06:51:17] submit.php: POST data: {
    "name": "M.I.M Ilham",
    "contact_number": "0753591769",
    "gmail": "ilhamrox199@gmail.com",
    "address": "190\/9A Kolonnawa road Dematagoda Colombo 09",
    "regional_centre": "Head Office - Kaduwela",
    "course_type": "Certificate Level Courses",
    "course": "Certificate in Gemmology",
    "course_fee_display": "Registration Fee: Rs. 2,000 | Course Fee: Rs. 70,000",
    "reg_fee": "2000",
    "course_fee": "70000",
    "total_fee_display": "Total Fee: Rs. 72,000",
    "nic_passport": "200522702926",
    "education_background": "A\/l 2 B 1s",
    "declaration": "1",
    "declaration2": "1"
}[2026-07-21 06:51:21] submit.php: POST data: {
    "name": "M.I.M Ilham",
    "contact_number": "0753591769",
    "gmail": "ilhamrox199@gmail.com",
    "address": "190\/9A Kolonnawa road Dematagoda Colombo 09",
    "regional_centre": "Head Office - Kaduwela",
    "course_type": "Certificate Level Courses",
    "course": "Certificate in Gemmology",
    "course_fee_display": "Registration Fee: Rs. 2,000 | Course Fee: Rs. 70,000",
    "reg_fee": "2000",
    "course_fee": "70000",
    "total_fee_display": "Total Fee: Rs. 72,000",
    "nic_passport": "200522702926",
    "education_background": "A\/l 2 B 1s",
    "declaration": "1",
    "declaration2": "1"
}[2026-07-22 03:19:25] submit.php: POST data: {
    "name": "Kavinda Roshan",
    "contact_number": "0760835470",
    "gmail": "weerasinghakavinda5876160@gmail.com",
    "address": "Udarawa,Piyarapandowa,Hela Halpe,Bandarawela",
    "regional_centre": "Ratnapura",
    "course_type": "Certificate Level Courses",
    "course": "Certificate in Computer Aided Jewellery Designing and Manufacturing (CAD\/CAM)",
    "course_fee_display": "Registration Fee: Rs. 2,000 | Course Fee: Rs. 60,000",
    "reg_fee": "2000",
    "course_fee": "60000",
    "total_fee_display": "Total Fee: Rs. 62,000",
    "nic_passport": "200521500618",
    "education_background": "A\/l examination \r\nEtech \r\nEt- c\r\nSft- c\r\nIct-s",
    "declaration": "1",
    "declaration2": "1"
}[2026-07-22 06:36:13] submit.php: POST data: {
    "name": "HMKM Herath",
    "contact_number": "0774951700",
    "gmail": "kherath34@gmail.com",
    "address": "155-Gamunu Peddessa, Aluth MAlkaduwawa, Kurunegala",
    "regional_centre": "Head Office - Kaduwela",
    "course_type": "Diploma Level Courses",
    "course": "Diploma in Professional Gemmology (Dip. PGSL)",
    "course_fee_display": "Registration Fee: Rs. 5,000 | Course Fee: Rs. 200,000",
    "reg_fee": "5000",
    "course_fee": "200000",
    "total_fee_display": "Total Fee: Rs. 205,000",
    "nic_passport": "198930502232",
    "education_background": "BVSc, PGDip(IT)",
    "declaration": "1",
    "declaration2": "1"
}[2026-07-22 06:38:26] submit.php: POST data: {
    "name": "Sandun sampath abhayasinghe",
    "contact_number": "0766009588",
    "gmail": "sandunsampath94@gmail.com",
    "address": "219\/A\/ senanayaka place ingiriya ",
    "regional_centre": "Ratnapura",
    "course_type": "Certificate Level Courses",
    "course": "Certificate in Geuda Heat Treatment",
    "course_fee_display": "Registration Fee: Rs. 2,000 | Course Fee: Rs. 55,000",
    "reg_fee": "2000",
    "course_fee": "55000",
    "total_fee_display": "Total Fee: Rs. 57,000",
    "nic_passport": "942781075V",
    "education_background": "A\/L ",
    "declaration": "1",
    "declaration2": "1"
}[2026-07-22 06:41:13] submit.php: POST data: {
    "name": "Sandun sampath abhayasinghe",
    "contact_number": "0766009588",
    "gmail": "sandunsampath94@gmail.com",
    "address": "219\/A\/ senanayaka place ingiriya ",
    "regional_centre": "Ratnapura",
    "course_type": "Certificate Level Courses",
    "course": "Certificate in Geuda Heat Treatment",
    "course_fee_display": "Registration Fee: Rs. 2,000 | Course Fee: Rs. 55,000",
    "reg_fee": "2000",
    "course_fee": "55000",
    "total_fee_display": "Total Fee: Rs. 57,000",
    "nic_passport": "942781075V",
    "education_background": "A\/L ",
    "declaration": "1",
    "declaration2": "1"
}[2026-07-23 07:55:39] submit.php: POST data: {
    "name": "Yohani Abeykoon",
    "contact_number": "0778439871",
    "gmail": "yohanii725@gmail.com",
    "address": "eeee\r\nereer",
    "regional_centre": "Head Office - Kaduwela",
    "course_type": "Diploma Level Courses",
    "course": "Diploma in Professional Gemmology (Dip. PGSL)",
    "course_fee_display": "Registration Fee: Rs. 5,000 | Course Fee: Rs. 200,000 | Refundable Deposit: Rs. 5,000",
    "reg_fee": "5000",
    "course_fee": "200000",
    "refundable_deposit": "5000",
    "total_fee_display": "Total Fee: Rs. 210,000",
    "nic_passport": "1999999999",
    "education_background": "test",
    "declaration": "1",
    "declaration2": "1"
}